group,names,scores,logfoldchanges,pvals,pvals_adj
0,GNLY,25.191923,10.292035,4.911229997142632e-140,2.2440392102944116e-135
0,NKG7,24.487162,7.764457,2.024068320055064e-132,4.624186483997799e-128
0,PRF1,22.637177,6.3692994,1.8661874143150705e-113,2.84232784449614e-109
0,CTSW,22.554796,6.459182,1.2049164832106958e-112,1.376376098771578e-108
0,KLRD1,21.341133,6.5394416,4.7137755716090134e-101,4.3076366683591805e-97
0,KLRF1,20.710768,10.478963,2.7700813959592575e-95,2.1095093190695065e-91
0,SH2D1B,19.331755,8.906214,2.903721723521638e-83,1.8953836141592953e-79
0,GZMB,19.19274,6.6757636,4.256082873432502e-82,2.4308617331609737e-78
0,SPON2,17.391132,5.8558135,9.631397938809615e-68,4.889753718000988e-64
0,IL2RB,17.384094,4.3058767,1.0889575644029684e-67,4.975664903270043e-64
0,CD74,-16.551664,-2.9819872,1.5573549865238614e-61,6.468969458568026e-58
0,TRDC,16.524033,6.5847406,2.4635989498027603e-61,9.380563601198977e-58
0,KLRK1,16.228361,5.021936,3.178368776859296e-59,1.117123278094269e-55
0,KLRC1,15.942744,5.588095,3.199887527370864e-57,1.044351863575925e-53
0,PLAC8,15.670082,4.962325,2.4226768117795062e-55,7.37979659225528e-52
0,CST7,15.5036745,4.2642326,3.276089467933112e-54,9.355692498049985e-51
0,AOAH,15.404599,4.0650682,1.524307737565849e-53,4.096980537932869e-50
0,TRAC,-15.290928,-4.525219,8.788858825116544e-53,2.2310029857623616e-49
0,PIP4K2A,14.716496,2.2629144,5.0515983213340585e-49,1.2148296342020833e-45
0,CD247,14.634534,3.8432164,1.6913183457532098e-48,3.863985892707783e-45
0,HLA-DRA,-14.626317,-4.943795,1.908409118428096e-48,4.152334735200788e-45
0,IFITM2,14.329287,2.2289057,1.4358882410562807e-46,2.9822093413792535e-43
0,HLA-DRB1,-14.204755,-3.6786065,8.560186223913159e-46,1.7005740388827827e-42
0,TXK,14.0944195,5.2000737,4.110121376595102e-45,7.824986080807642e-42
0,GPR56,14.088082,3.9703634,4.4960450258562234e-45,8.217331572856902e-42
0,HLA-DRB6,-14.049448,-2.711042,7.763651988840626e-45,1.364372256438869e-41
0,HOPX,13.868074,4.642745,9.88958149082516e-44,1.6736102128843825e-40
0,FCGR3A,13.8303,5.1177216,1.673204160871066e-43,2.730430161375741e-40
0,CTSB,-13.700967,-4.4591937,1.0018188794303505e-42,1.5784520082390197e-39
0,TYROBP,13.507615,5.0468335,1.4101657355063963e-41,2.1477764262252754e-38
0,HLA-DPA1,-13.365559,-3.9469202,9.611018457414123e-41,1.4166021140521486e-37
0,IFITM1,13.189839,3.1832519,1.0039921461635503e-39,1.4335752857032794e-36
0,HLA-DRB5,-13.1188,-3.0997565,2.5696989660136638e-39,3.558020762275647e-36
0,FGFBP2,13.09383,6.3285823,3.571363576309383e-39,4.7994924861390683e-36
0,ADAM19,-12.958421,-3.6817741,2.1053719365814694e-38,2.748532986465157e-35
0,KIR2DS4,12.868972,6.8919563,6.729156238678991e-38,8.54079463493668e-35
0,KIR2DL3,12.779308,5.6945696,2.13962737007563e-37,2.6422663187431266e-34
0,S1PR5,12.68105,5.569004,7.531541122938132e-37,9.056083604981293e-34
0,B3GNT7,12.491543,5.090955,8.302785668422536e-36,9.727458532347758e-33
0,GZMH,12.481529,4.07815,9.41603293194168e-36,1.075593441815698e-32
0,TRGC1,12.438106,2.9697812,1.6230742012899695e-35,1.808817229398568e-32
0,HLA-DQB1,-12.431609,-3.6744077,1.7605375844574064e-35,1.9152972216435193e-32
0,KLRC2,12.123929,3.4962091,7.888500326077147e-34,8.382357137188768e-31
0,FOSL2,11.944189,2.4982836,6.962628637562996e-33,7.230373356989282e-30
0,KLRC3,11.888619,3.6184015,1.356299439037805e-32,1.377156310411453e-29
0,KLRB1,11.859022,4.2314105,1.9321762860866412e-32,1.919239105736322e-29
0,LITAF,11.7743845,2.5771267,5.29015438631586e-32,5.142930515309453e-29
0,CCL5,11.724624,4.4691114,9.532342519800469e-32,9.073995716973396e-29
0,CD7,11.715096,2.1576126,1.0666970012793694e-31,9.946840690297336e-29
0,ZAP70,11.706373,2.8136792,1.1822971196475033e-31,1.0804303998186744e-28
1,CD74,-22.25084,-2.820023,1.1070410832036636e-109,5.05829211737418e-105
1,HLA-DPA1,-20.528868,-4.0891232,1.189133073088131e-93,2.7166934187771442e-89
1,HLA-DRA,-20.467308,-4.6490507,4.212485093358856e-93,6.415895629525095e-89
1,MALAT1,18.880587,0.71041113,1.6474382351309772e-79,1.8818686959901154e-75
1,HLA-DRB1,-18.798635,-3.278715,7.748398436661077e-79,7.080796427358358e-75
1,HLA-DRB5,-18.596584,-2.8923929,3.4243861498103526e-77,2.6077841992855773e-73
1,HLA-DRB6,-17.547983,-2.227454,6.16305371687239e-69,4.022889291876189e-65
1,HLA-DQB1,-16.379522,-3.1748607,2.678383496340707e-60,1.5297587339349947e-56
1,HLA-DPB1,-16.178236,-3.1182601,7.182363727620889e-59,3.646406260471708e-55
1,HLA-DQA1,-15.557175,-3.2274523,1.42240709491201e-54,6.499262498071956e-51
1,HLA-DMA,-14.57549,-3.042801,4.0222780011763024e-48,1.670781149361342e-44
1,RPL13A,13.917658,0.5591512,4.948548485390694e-44,1.8842423116205965e-40
1,SYNGR2,-13.755209,-2.6894755,4.739098292331141e-43,1.6656836859476502e-39
1,HLA-DQB2,-13.515969,-2.5771816,1.258864418332096e-41,4.108573785887866e-38
1,IL7R,13.379919,2.6510708,7.92334118593807e-41,2.413555369785882e-37
1,IRF8,-13.124711,-3.7345335,2.3768810066797015e-39,6.787777934825557e-36
1,HLA-DQA2,-13.069359,-2.373398,4.927938985158524e-39,1.324514047705078e-35
1,TMEM66,12.94265,0.99439484,2.585552398943847e-38,6.217845274344329e-35
1,FGD2,-12.945576,-3.9445662,2.488897120593813e-38,6.217845274344329e-35
1,RPS3,12.862632,0.52423835,7.304694847024854e-38,1.668830584751298e-34
1,RPL13,12.67909,0.4430946,7.72233832304163e-37,1.6802337269353245e-33
1,TNFAIP3,12.233448,1.7847774,2.0600378188217456e-34,4.278511273527419e-31
1,WARS,-12.192593,-2.6970334,3.4041455686698344e-34,6.762705187985308e-31
1,ACTB,-12.088777,-0.49550977,1.2107616066905082e-33,2.3050883055376128e-30
1,HLA-DMB,-12.0623455,-3.6640718,1.6695885419089775e-33,3.0514735862762e-30
1,CIITA,-11.898904,-3.1668003,1.199118768764527e-32,2.107312876245722e-29
1,CTSS,-11.476317,-2.2966206,1.735149642602194e-30,2.9363873136955357e-27
1,GRN,-11.460238,-3.269108,2.0893967595087936e-30,3.409597026266992e-27
1,PPP2R5C,11.381375,1.2178661,5.177686053248054e-30,8.15789072913828e-27
1,CD83,-11.335201,-2.8601925,8.782971104913754e-30,1.3377050524190642e-26
1,IFI30,-11.316408,-3.8177013,1.0884058256430199e-29,1.6042399672671248e-26
1,CYBB,-11.268464,-7.237663,1.878180222005908e-29,2.681806584496686e-26
1,PKM,-11.242013,-1.6909498,2.535351948482216e-29,3.510463673637861e-26
1,RNU2-2P,-11.033704,-2.8782878,2.628144225446679e-28,3.5319166455620485e-25
1,RPL10,10.839917,0.34761375,2.226714591834516e-27,2.9069440894315058e-24
1,TCF7,10.765226,1.8492283,5.0238119209342454e-27,6.3763337303146536e-24
1,LGALS9,-10.667979,-2.324445,1.437183725091395e-26,1.7748053720777305e-23
1,PTPN6,-10.639504,-2.2242377,1.9516464839169603e-26,2.3467008195561514e-23
1,GNG5,-10.582439,-2.1617281,3.594758605310292e-26,4.21158231266251e-23
1,CTSB,-10.528126,-2.1769521,6.40978374253471e-26,7.3218959690974e-23
1,GSTP1,-10.487834,-2.3512175,9.825523845931994e-26,1.0949947208983529e-22
1,HNRNPH1,10.461893,0.4970503,1.2924669388305675e-25,1.406080937358245e-22
1,DBNL,-10.384177,-1.9783208,2.9268258189814717e-25,3.110058728393056e-22
1,FKBP1A,-10.313239,-2.0365558,6.139657522291137e-25,6.375755261557424e-22
1,CXCR4,10.266281,1.197631,9.998442599059386e-25,1.0152196427471587e-21
1,CD63,-10.250719,-2.2688525,1.1746626841662488e-24,1.1667975514113966e-21
1,GRB2,-10.2204685,-1.6731025,1.6056371609108896e-24,1.5609526203476673e-21
1,ZFP36L2,10.217556,1.2483076,1.654591455451808e-24,1.5750331829688335e-21
1,PSMA6,-10.207591,-2.2263927,1.8336105885749355e-24,1.709823163533999e-21
1,CTSH,-10.127073,-3.6589007,4.190039871274854e-24,3.829026035965813e-21
2,TNFRSF4,26.539112,8.198836,3.4302982254664735e-155,1.567371865180141e-150
2,TNFRSF18,24.514229,7.2704444,1.0416858298040564e-132,2.3798354467703475e-128
2,CD4,23.24305,6.0478187,1.6724858417587452e-119,2.547307436054686e-115
2,SPOCK2,22.83663,5.2146015,1.984572856284371e-115,2.266977573733637e-111
2,MAF,20.866013,4.1026826,1.0905995364593148e-96,9.966334803979802e-93
2,CCL5,-20.605946,-6.5202327,2.427366284946764e-94,1.848520338196459e-90
2,KLRK1,-20.49168,-7.4256024,2.5542400987820284e-93,1.667261979907835e-89
2,ARID5B,19.907803,4.0372353,3.4825275936095916e-88,1.9890456350901183e-84
2,NKG7,-19.689749,-7.181328,2.6399775062729544e-86,1.340287246851376e-82
2,FOXP3,19.160686,5.6324687,7.882586773003142e-82,3.6017115483205953e-78
2,BATF,18.735039,4.933706,2.5645657786713033e-78,1.0652739959913564e-74
2,IL32,18.580273,4.3258486,4.64138250933825e-77,1.767283746805694e-73
2,IL2RA,18.317493,6.258303,6.001331442348879e-75,2.109329509721577e-71
2,CTLA4,18.232967,4.632796,2.825603738248366e-74,9.22196328628888e-71
2,TRAC,17.570154,4.431627,4.170380404874532e-69,1.2703534763968475e-65
2,ICOS,17.53423,4.7874823,7.850646034380501e-69,2.2419482412682115e-65
2,TIGIT,17.013252,4.5211506,6.549881371771873e-65,1.760453997876473e-61
2,PIM2,16.970531,3.5533195,1.3569703622459365e-64,3.444593877318963e-61
2,TBC1D4,16.95067,4.1810274,1.902740317407133e-64,4.575790030682459e-61
2,CD8A,-16.345318,-5.9315276,4.6972223155165667e-60,1.0731274102029148e-56
2,TMEM173,15.489757,4.1076336,4.0683022400324046e-54,8.851850759598125e-51
2,CD2,15.335678,3.770995,4.416397803017326e-53,9.172456746157621e-50
2,CD28,15.052029,3.5177143,3.348089645277595e-51,6.651344003131472e-48
2,SLAMF7,-15.042539,-5.52743,3.864440374804009e-51,7.357250400231033e-48
2,PBXIP1,14.8450775,3.1328943,7.486874588707486e-50,1.3683610948288898e-46
2,SOD1,14.82339,3.1957731,1.0343041368804448e-49,1.8176701777823574e-46
2,TRBC2,14.697181,3.5752382,6.720017343611188e-49,1.137226046164009e-45
2,LTB,14.605961,4.1262593,2.5732942912591553e-48,4.1992486698647614e-45
2,CTSW,-14.107556,-4.795428,3.4119672853748036e-45,5.375848593218811e-42
2,GZMA,-13.972012,-4.7648015,2.3100950605689815e-44,3.51842878358393e-41
2,CCL4,-13.804411,-4.8915806,2.397248471373691e-43,3.533389585613119e-40
2,PKM,13.707416,2.5826366,9.166509309848192e-43,1.3088629480799487e-39
2,HLA-DPB1,-13.629353,-3.3056352,2.6794857562372324e-42,3.7100322173936855e-39
2,AOAH,-13.599288,-4.5674334,4.043490465054612e-42,5.4339754802728034e-39
2,ZC3H12D,13.490222,3.2205951,1.7856178514153293e-41,2.3310985961962636e-38
2,B2M,13.337667,0.59233505,1.3976414370437811e-40,1.773917570594568e-37
2,PHACTR2,13.332844,2.623965,1.4910460691980304e-40,1.8413209998323354e-37
2,HLA-DPA1,-13.269395,-3.496931,3.48381302390894e-40,4.189010123380192e-37
2,DUSP4,13.173485,3.035709,1.247053136996021e-39,1.4610346650159536e-36
2,ANXA1,-13.098694,-4.0809035,3.349741918365816e-39,3.826410193349271e-36
2,CORO1B,12.920644,3.1970696,3.442500343153739e-38,3.836456723887333e-35
2,CCL4L1,-12.846307,-3.7872484,9.021521232188103e-38,9.814555908122351e-35
2,TFRC,12.831135,2.9438403,1.0974467930802643e-37,1.1661520667307776e-34
2,HLA-DRB1,-12.827717,-2.890848,1.1469450092445316e-37,1.1910502582363896e-34
2,DNPH1,12.685604,3.5723865,7.106423322835771e-37,7.215704321489156e-34
2,HLA-DRA,-12.529961,-3.835356,5.118828454285205e-36,5.0845545594173817e-33
2,KLRC4-KLRK1,-12.515162,-5.035359,6.168182122440137e-36,5.9965229263518034e-33
2,RASGEF1B,-12.5132475,-2.8414357,6.318685175010765e-36,6.014861729512331e-33
2,CCR8,12.405121,5.6889334,2.4514365868273106e-35,2.2859396025574178e-32
2,HLA-DRB6,-12.400889,-2.1609976,2.5843853086043457e-35,2.3617146704149955e-32
3,TRAV8-3,24.705732,7.6786203,9.280751347935733e-135,4.240560905898795e-130
3,TRAC,22.401436,4.9551306,3.811029854807741e-111,8.706678806293766e-107
3,TRAV8-2,19.65031,7.04538,5.746119096921965e-86,8.751722459218614e-82
3,TRAV13-1,16.918638,6.618581,3.2792932269460984e-64,3.7459366531405284e-60
3,TRBC2,15.567337,3.3968754,1.2135475701063605e-54,1.1089883114659964e-50
3,CD2,13.828473,3.2115247,1.7162558264652778e-43,1.306986020380858e-39
3,CD3G,13.11947,3.082545,2.547102990420322e-39,1.6626032834040765e-35
3,CD3E,12.711501,2.408683,5.104485368879803e-37,2.9154268184356996e-33
3,HLA-DRA,-12.458451,-3.3347378,1.25789757055322e-35,6.38620619930197e-32
3,CTLA4,12.446567,2.7874558,1.4599155597711272e-35,6.670646175706234e-32
3,IL32,12.137741,3.1958892,6.664053662067918e-34,2.7681267266109754e-30
3,B2M,11.928405,0.48849463,8.41710464852726e-33,3.2049528800042295e-29
3,TNFAIP3,11.74429,2.212145,7.555367440389906e-32,2.655537300663812e-28
3,RGS1,11.352237,2.1982703,7.228926979381101e-30,2.3593152252991517e-26
3,CD74,-11.085135,-1.1971077,1.4812669419265736e-28,4.512136607367266e-25
3,CD3D,11.059892,2.7983868,1.9633475142574963e-28,5.606829663840845e-25
3,LCK,10.70661,2.5704403,9.476909698179195e-27,2.547170340760022e-23
3,HLA-DQB1,-10.648317,-2.3893654,1.7754517397971813e-26,4.506885605267378e-23
3,TMEM66,10.6424885,1.3580797,1.890134015931625e-26,4.5454738661025164e-23
3,HLA-DPA1,-10.168076,-2.1287477,2.7529373480246038e-24,6.2893606652970095e-21
3,IRF8,-9.683839,-3.293268,3.5319758553197597e-22,7.684906703870022e-19
3,HLA-DRB1,-9.446951,-1.7563015,3.488434682384745e-21,7.245161704887444e-18
3,FGD2,-9.43197,-3.3949928,4.024587955832016e-21,7.995281429472889e-18
3,EVL,9.249892,1.8614969,2.2471960767418803e-20,4.2782867974370834e-17
3,CLEC2D,9.234578,1.8403157,2.5930530497797515e-20,4.7392711980214567e-17
3,HLA-A,9.223673,0.5258491,2.870940439531581e-20,5.045346560118346e-17
3,CD83,-9.195075,-2.9399495,3.747344934276362e-20,6.341617953220575e-17
3,DUSP4,9.153817,1.8085148,5.495637655418796e-20,8.658850887979158e-17
3,HLA-DQA1,-9.15549,-2.2677307,5.4111896563558044e-20,8.658850887979158e-17
3,ITK,9.123272,1.8456266,7.289010062587554e-20,1.1101648259325018e-16
3,HLA-DRB6,-9.108732,-1.3465204,8.335041633081347e-20,1.2285313622540417e-16
3,FYN,8.823121,1.9057658,1.113131498970332e-18,1.589412639092263e-15
3,CYBB,-8.746202,-6.4493155,2.2065295011304754e-18,3.055174120171324e-15
3,TIGIT,8.7396555,2.1227963,2.3382197864679954e-18,3.1422923083322246e-15
3,HLA-DRB5,-8.601384,-1.5330666,7.876065801094164e-18,1.02820913881027e-14
3,TRAV8-4,8.559243,4.4113693,1.136111398570189e-17,1.441977833985252e-14
3,HNRNPLL,8.552526,1.6072166,1.2042320358324883e-17,1.4871289238177853e-14
3,SPOCK2,8.443203,1.6847565,3.08759180262059e-17,3.712585385403684e-14
3,PRDM1,8.420596,1.588634,3.7457306854844574e-17,4.38845965336297e-14
3,IFI30,-8.331454,-3.241552,7.985554242778912e-17,9.12189861152635e-14
3,FYB,8.302916,1.4855732,1.0158691907123328e-16,1.1321242698055588e-13
3,ICOS,8.141345,1.8943458,3.909121682379371e-16,4.252752093125672e-13
3,SLA,8.106274,1.603336,5.219578596111358e-16,5.546348493337679e-13
3,CST7,8.097224,1.9004923,5.62274383026896e-16,5.838963888469303e-13
3,HLA-DPB1,-8.062167,-1.5061756,7.495346319030399e-16,7.610608089091933e-13
3,HLA-DMB,-7.984613,-2.6944938,1.409640630044522e-15,1.3704106312339212e-12
3,CD55,-7.986119,-1.7677809,1.3925358476809141e-15,1.3704106312339212e-12
3,HLA-DMA,-7.978582,-1.8656574,1.4802384235452516e-15,1.4090636260131175e-12
3,ITM2A,7.8855405,1.9066354,3.1317673346541437e-15,2.920341082755452e-12
3,MAF,7.8093257,1.3651677,5.749471168501044e-15,5.2540967326229945e-12
4,TRBV7-6,39.951717,11.931096,0.0,0.0
4,TRBV7-7,37.901226,11.202235,0.0,0.0
4,TRBV7-1,29.579954,7.7490463,2.7059179658706164e-192,4.121293456552007e-188
4,TRBV7-8,23.150303,5.7404585,1.4435913814247908e-118,1.649014435001539e-114
4,TRBC2,22.753084,4.184149,1.3375774365920095e-114,1.2223317646552418e-110
4,TRBV7-4,17.978754,7.8926888,2.8584185086249017e-72,2.176780974934817e-68
4,TRBV7-3,17.338537,5.1040473,2.407908224747421e-67,1.5717448943594164e-63
4,TRAC,14.730592,3.7162156,4.100968474986544e-49,2.342268144488565e-45
4,CD3G,13.998001,3.1904552,1.6031747638735922e-44,8.139140145656908e-41
4,CD8A,12.008712,3.2127151,3.197868231609798e-33,1.461169952387149e-29
4,CD3E,11.533487,2.1878905,8.944543117100834e-31,3.715400582787012e-27
4,CD3D,11.170806,3.0140767,5.666425735056832e-29,2.1575860390518065e-25
4,CD2,11.007909,2.674026,3.5003361212233295e-28,1.2302873696225875e-24
4,FYN,10.892355,2.274064,1.2535563986251546e-27,4.091249926141468e-24
4,CD8B,9.689537,2.4926388,3.3403784892086944e-22,1.0175238261928244e-18
4,ITM2A,9.597516,2.3687017,8.189414505503952e-22,2.3386920474092914e-18
4,IRF8,-9.425813,-3.4312706,4.267885555534565e-21,1.1471072164910901e-17
4,IL32,9.381298,2.6904113,6.516555321380797e-21,1.6541913652473965e-17
4,FGD2,-9.343033,-3.5036573,9.36135185744998e-21,2.2512573108979184e-17
4,CD6,8.86623,1.6402721,7.566379404820404e-19,1.7286150388252693e-15
4,CCL5,8.841291,2.4105737,9.461887515786741e-19,2.0587264970063226e-15
4,B2M,8.76039,0.41310254,1.9457589253663193e-18,4.041164400810812e-15
4,CD83,-8.676693,-2.859651,4.0744414107903235e-18,8.094320736601368e-15
4,FYB,8.651072,1.448739,5.101819552868482e-18,9.71301412540278e-15
4,LCK,8.466455,1.9778266,2.5297351397824776e-17,4.623546320277639e-14
4,HLA-DRA,-8.449445,-2.072993,2.9269164510675955e-17,5.14371794162233e-14
4,ITK,8.407382,1.7211685,4.192638213549444e-17,7.095186120500045e-14
4,CYBB,-8.399642,-5.9297385,4.4784218445362554e-17,7.30814467573395e-14
4,IFI30,-8.2781,-3.3743463,1.2515600106546663e-16,1.9719406898907935e-13
4,HLA-A,8.237449,0.5466011,1.7592224573714893e-16,2.6794130840739363e-13
4,ZAP70,8.194533,1.7508644,2.5156730975455146e-16,3.7079398442919245e-13
4,HLA-DMA,-8.082121,-1.9505758,6.365004452791748e-16,9.088430733030018e-13
4,CD96,7.9755225,1.859736,1.5173777455333037e-15,2.1009704226941734e-12
4,CD74,-7.898611,-1.1106029,2.8202835637297327e-15,3.790129311586439e-12
4,CD27,7.7678347,1.832571,7.98390597076691e-15,1.0422875189036618e-11
4,NCF1,-7.664791,-2.9598606,1.791227828571443e-14,2.2734661650857324e-11
4,IFITM1,7.649082,2.0598478,2.024187774055643e-14,2.486578526781024e-11
4,NCF1C,-7.6463294,-4.2856317,2.067976538949464e-14,2.486578526781024e-11
4,TCF4,-7.633892,-5.950153,2.2777035076439712e-14,2.66853406849406e-11
4,NR4A1,-7.629692,-1.7955416,2.3531500971048164e-14,2.6880033559228318e-11
4,RNF19A,7.495307,1.4933445,6.614337016743823e-14,7.371275291928263e-11
4,NCF1B,-7.472551,-2.8427794,7.865487149694441e-14,8.556900924853295e-11
4,CIITA,-7.449748,-2.4239254,9.351879445326627e-14,9.937350595717772e-11
4,LAT,7.42174,1.7618812,1.1559163330982982e-13,1.1736917575983875e-10
4,NPC2,-7.4231253,-2.5405953,1.1438834216515008e-13,1.1736917575983875e-10
4,SIRPG,7.341006,1.7840096,2.1199457371008318e-13,2.1057513178176348e-10
4,SYK,-7.2852945,-7.9735794,3.2096806495341087e-13,3.120355919968351e-10
4,TYROBP,-7.2638006,-6.1631427,3.763620178516607e-13,3.582652774932933e-10
4,CTSH,-7.2212157,-3.240585,5.152478297745919e-13,4.804633436338909e-10
4,TIGIT,7.145193,1.7645057,8.986933307432068e-13,8.212619133663721e-10
5,AC006483.1,18.123346,11.01363,2.0851513960738476e-73,9.527473758940626e-69
5,AC139149.1,14.3502655,9.797155,1.0613035598322301e-46,2.424654112792713e-42
5,CCL5,9.289949,3.7216809,1.5436186865445548e-20,2.351034167519793e-16
5,CD3G,8.862671,2.742987,7.811983698558924e-19,8.92362897886386e-15
5,IL32,8.512402,3.3816142,1.703677525749883e-17,1.556888670131273e-13
5,MTRNR2L8,8.375349,1.5517846,5.506034661526649e-17,4.1930289292412604e-13
5,RP11-572P18.1,-8.170166,-1.4301902,3.079652039370113e-16,2.010220871184274e-12
5,HNRNPH1,7.349286,0.69994634,1.992682917973241e-13,1.1381208486004167e-09
5,GZMA,7.3175664,3.1176684,2.5250777325798906e-13,1.2542119739978407e-09
5,B2M,7.3060427,0.45631525,2.7512525575108483e-13,1.2542119739978407e-09
5,AC138123.2,7.293528,6.6559477,3.019419529452912e-13,1.2542119739978407e-09
5,C1orf56,7.1723266,1.6180874,7.373366830944529e-13,2.8075323103293116e-09
5,RP11-169K16.8,-7.1613274,-1.6732286,7.989964507069044e-13,2.808288140438452e-09
5,MTRNR2L2,7.0798445,1.2475876,1.4431614453272288e-12,4.710066625706553e-09
5,HLA-DRA,-7.0625553,-2.9579196,1.6346803319673906e-12,4.979454248550267e-09
5,NKG7,7.022955,3.366925,2.1722452725645006e-12,6.203389437126073e-09
5,MALAT1,6.9613376,0.5383732,3.3705755029417473e-12,9.059313875318488e-09
5,IFITM1,6.837012,2.4006102,8.086198869803165e-12,2.052636659772479e-08
5,MT-CO3,-6.6465893,-2.4445052,2.999627574287796e-11,7.213630690755683e-08
5,YWHAZP3,-6.615306,-1.0966172,3.7078412991208554e-11,8.470934231971507e-08
5,RNF213,6.5962305,1.4801643,4.217426705708793e-11,9.176317192249818e-08
5,CD3D,6.569333,2.443043,5.0541120480845804e-11,1.049693125914003e-07
5,RPL41P1,6.494948,0.6893825,8.306226936766495e-11,1.6501222660640637e-07
5,MT-RNR1,-6.329106,-0.46410167,2.465859340259213e-10,4.694585207296832e-07
5,HLA-DMA,-6.1123457,-2.5741458,9.817736262215046e-10,1.7943680211725195e-06
5,MT-ATP6,-6.0919027,-1.48552,1.1157656612202346e-09,1.960829407402883e-06
5,AC004057.1,-6.066113,-2.0042374,1.3104275802949653e-09,2.2176317406976876e-06
5,RP11-204C16.4,-6.0353193,-1.0268459,1.5864871604931561e-09,2.588920404901903e-06
5,PTPRCAP,5.9523983,1.6999444,2.642412852987056e-09,4.163349244092571e-06
5,PABPC1,-5.937461,-0.9399837,2.8946964532502185e-09,4.408815678063633e-06
5,RP11-466H18.1,-5.920001,-1.7633237,3.219396797950739e-09,4.745183177160167e-06
5,TRBC2,5.898185,2.5847821,3.6752253903601568e-09,5.238426145352306e-06
5,GZMH,5.8933983,2.6597168,3.783333248634906e-09,5.238426145352306e-06
5,MT-RNR2,-5.8192015,-0.2156805,5.912945190669072e-09,7.946302695648565e-06
5,MT-ND4L,-5.8001676,-0.77710056,6.624876029958711e-09,8.648681016024954e-06
5,MT-ND1,-5.7886195,-1.0914932,7.0967195260978235e-09,9.007314127401715e-06
5,HLA-C,5.78256,0.3761636,7.357237208534138e-09,9.085591419793022e-06
5,HLA-A,5.7260237,0.664669,1.0281187617787571e-08,1.2362316437682887e-05
5,MT-CO1,-5.716197,-0.7975474,1.0893431817210377e-08,1.2762632989537861e-05
5,HLA-DQA1,-5.6892877,-2.1774411,1.275702837325701e-08,1.4572353510771482e-05
5,TMSB4X,5.659054,0.42703566,1.5220979430314695e-08,1.696285346658388e-05
5,NFKBIA,-5.631897,-2.3260224,1.7823822121737124e-08,1.893967628805611e-05
5,HLA-DQA2,-5.635074,-2.1668203,1.7498302133479306e-08,1.893967628805611e-05
5,IRF8,-5.6194,-3.1311786,1.916216194511658e-08,1.9899034172642428e-05
5,GIMAP7,5.5801415,2.0827599,2.403232299108936e-08,2.440188671353011e-05
5,CD3E,5.573239,1.8204739,2.500466982594596e-08,2.4721123465316956e-05
5,RPS3AP6,-5.570309,-0.7962639,2.5428801603560733e-08,2.4721123465316956e-05
5,FGD2,-5.5561438,-3.307761,2.757994398288226e-08,2.625380834303867e-05
5,CST7,5.5137906,2.2792382,3.5118671747214193e-08,3.2747803050483895e-05
5,SNHG1,-5.503746,-2.4589808,3.71805421337857e-08,3.331084963092032e-05
6,HMGN2,31.853527,6.031982,1.1762854496989354e-222,5.374683476764376e-218
6,TUBB,31.649025,8.458831,7.82096302497366e-220,1.7867772126854827e-215
6,TUBA1B,31.56752,8.10826,1.0309628096396858e-218,1.5702250899352176e-214
6,STMN1,31.545832,10.280044,2.0453317309629622e-218,2.336382436278992e-214
6,HMGB2,30.353495,8.200783,2.259385856381452e-202,2.064717170995626e-198
6,MKI67,30.023605,8.4185,4.8284276651467286e-198,3.677008614598072e-194
6,RP11-386G11.10,29.717539,7.171128,4.557561073203186e-194,2.974915436525714e-190
6,UBE2C,29.544996,11.686078,7.614788557839785e-192,4.349186484810193e-188
6,BIRC5,28.878347,9.565077,2.2334348651214798e-183,1.1338900650792295e-179
6,TOP2A,28.776575,9.398393,4.213392548128581e-182,1.9251833230909113e-178
6,RPL12P38,28.754143,3.0670726,8.039343782152139e-182,3.3393972372190506e-178
6,H2AFZ,28.613592,7.114437,4.552057084578192e-180,1.733271602571223e-176
6,NUSAP1,28.560637,8.499281,2.0723822874920117e-179,7.283945498468077e-176
6,HMGB1P5,28.43139,4.7990828,8.278116370700315e-178,2.701740665785991e-174
6,RRM2,28.402931,10.418937,1.860415864918617e-177,5.667074779990763e-174
6,HMGB1,27.842108,4.272973,1.3422716185696854e-170,3.833192174730379e-167
6,CKS1B,27.348133,8.203587,1.1365194013659603e-164,3.054696734541968e-161
6,HMGN2P5,27.279343,5.3448277,7.459138991529126e-164,1.8934609933386046e-160
6,PFN1,27.2709,2.3312263,9.393093308226564e-164,2.258890628628885e-160
6,RP5-940J5.9,27.096802,3.0302029,1.0738918481281926e-161,2.453413316233669e-158
6,CCNA2,27.051632,8.451078,3.6543586611003835e-161,7.951188378238034e-158
6,CENPF,27.024837,7.6450844,7.548473896195791e-161,1.5677494057499004e-157
6,CDK1,26.976791,9.3388605,2.7672515325774248e-160,5.4974459576751167e-157
6,GAPDH,26.656303,2.929381,1.5125616340017531e-156,2.879665257533671e-153
6,RP11-673C5.1,26.629725,4.315718,3.073866040970834e-156,5.618043485761574e-153
6,KIF22,26.533587,7.6346793,3.9727451113879595e-155,6.9816411395976405e-152
6,KIAA0101,26.518051,8.842092,6.002271112762249e-155,1.0157621173493804e-151
6,ACTB,26.383238,1.7833732,2.1339347730940885e-153,3.4822767018648246e-150
6,TYMS,26.364216,8.811133,3.526617458889696e-153,5.556489825227172e-150
6,TPX2,26.120094,8.195277,2.1557149043681912e-150,3.283297513679713e-147
6,SPC24,26.094837,8.37281,4.1725119099668405e-150,6.150013360974351e-147
6,SMC4,26.063303,7.484981,9.507777035782222e-150,1.3575917134967541e-146
6,KIF11,25.939226,7.3573494,2.4056356168636878e-148,3.3308576547192615e-145
6,TMPO,25.912952,6.6307783,4.758893613275468e-148,6.395393146405373e-145
6,AURKB,25.66917,9.623261,2.583359173840182e-145,3.372538496317303e-142
6,EZH2,25.63178,5.600758,6.750529250778253e-145,8.567921736848887e-142
6,SMC2,25.473482,6.7034006,3.878880420567547e-143,4.790102815583037e-140
6,ASPM,25.343307,7.4623094,1.0650663088108035e-141,1.2806581521627167e-138
6,TUBBP1,25.244795,3.9131253,1.2919060948918068e-140,1.513583930456319e-137
6,PPIA,25.24164,2.8928564,1.3991842974903492e-140,1.5982882230232258e-137
6,MALAT1,-24.943058,-1.6739535,2.539865485680674e-137,2.8305252139444233e-134
6,CALM3,24.875376,6.123337,1.374547139469916e-136,1.4953763784918906e-133
6,H2AFV,24.582748,6.7745943,1.9320079132807872e-133,2.052960594735482e-130
6,RAN,24.538748,5.750464,5.703233250991063e-133,5.922548493279175e-130
6,RP11-121L10.3,24.515388,3.3532288,1.012407573827395e-132,1.0279761525182517e-129
6,HIST1H4C,24.415972,8.210251,1.1573181909530204e-131,1.1495691908918566e-128
6,MAD2L1,24.33471,7.7235427,8.416739416647401e-131,8.182503349477724e-128
6,PTTG1,24.209442,7.4266896,1.769485665537936e-129,1.68440289645332e-126
6,NCAPD2,24.124811,6.281354,1.3728643484947296e-128,1.2801819961514527e-125
6,ANP32E,24.076271,5.88706,4.431582988455417e-128,4.0497577981700985e-125
7,TRBV4-2,31.926952,13.846727,1.128765020570615e-223,5.157553131991254e-219
7,TRBV4-1,16.690662,10.536342,1.53262559167443e-62,3.501436426739403e-58
7,CD8A,14.439422,5.462563,2.922825909051093e-47,4.451658714545418e-43
7,TRBC2,12.997306,3.7596402,1.267288526109546e-38,1.4476236833749345e-34
7,CCL5,12.015986,4.3543305,2.928525655950455e-33,2.6762038854337635e-29
7,TRAC,11.814679,3.9019077,3.2779922609704854e-32,2.4963003731377235e-28
7,KLRK1,11.108396,3.9336712,1.1419314108601834e-28,7.453875717860499e-25
7,CD3G,9.976923,3.0140617,1.92339476748106e-23,1.0985469214468076e-19
7,CD8B,9.9281025,3.4860108,3.1417579737757855e-23,1.5950356148640355e-19
7,NKG7,8.6830015,3.450042,3.8545862791659954e-18,1.7612375626765266e-14
7,CTSW,8.456681,2.8547375,2.7509416959145315e-17,1.1426911633611524e-13
7,IL32,8.412502,3.272015,4.0135556216850915e-17,1.5282281955502933e-13
7,CST7,8.360003,2.868441,6.271634862265494e-17,2.204334924051038e-13
7,B2M,8.125081,0.4069934,4.470621000627037e-16,1.4590829625760755e-12
7,TNFAIP3,8.00474,2.3467867,1.1971946891543429e-15,3.646814649122683e-12
7,CD3D,7.9910564,2.8551717,1.3378749599038196e-15,3.820636416745333e-12
7,CD3E,7.7201552,2.0072196,1.1618824886424313e-14,3.1228667453558805e-11
7,ZFP36L2,7.530374,1.6449581,5.059517364516801e-14,1.2843303745527871e-10
7,HLA-A,7.3179507,0.63461185,2.5178655951089164e-13,6.055069198511401e-10
7,CDC42SE2,7.2623534,1.3312565,3.804127410616109e-13,8.690909482293562e-10
7,GZMA,6.914016,2.5874777,4.711227406990821e-12,1.0250733460963075e-08
7,FYB,6.8999357,1.5889776,5.202614802200681e-12,1.0805357979188797e-08
7,CD2,6.881195,2.2478416,5.935258069797982e-12,1.1791035292400408e-08
7,LCK,6.794651,2.0547745,1.085751190782932e-11,2.0670893087189054e-08
7,PRF1,6.7833667,2.3008313,1.1740699139998386e-11,2.145824100419225e-08
7,CCL4,6.7351766,2.5697649,1.6373084819548974e-11,2.831736487886086e-08
7,HLA-DRA,-6.7320137,-2.371103,1.6733101018323627e-11,2.831736487886086e-08
7,CD83,-6.6998224,-2.888285,2.086730607793568e-11,3.405246247546561e-08
7,GPX1,-6.66011,-2.4623091,2.7362256408221707e-11,4.3111593786360905e-08
7,IFI30,-6.5225697,-3.9795825,6.911289471449192e-11,1.052635461764855e-07
7,CBLB,6.413795,1.648439,1.4194120463894083e-10,2.092121781407253e-07
7,FGD2,-6.368842,-3.1259696,1.9046052607266602e-10,2.71953823666008e-07
7,FYN,6.3385844,1.8148085,2.318857306033793e-10,3.2107038796150323e-07
7,IL2RB,6.2146635,1.735069,5.143481330145648e-10,6.912233792265144e-07
7,HLA-DQA1,-6.158427,-2.1740665,7.347123441686119e-10,9.591564694214919e-07
7,PRKCH,6.1115303,1.7285322,9.86802019462503e-10,1.2524710520355746e-06
7,CYBB,-6.10277,-7.197886,1.0424586826422647e-09,1.2873519493862259e-06
7,CD4,-6.0634346,-2.4094799,1.3324512552326363e-09,1.5610862244638365e-06
7,HLA-DMA,-6.066409,-2.0482688,1.3080168174311835e-09,1.5610862244638365e-06
7,KLRD1,6.018591,2.2509139,1.7594202622258742e-09,2.009785765540616e-06
7,APOBEC3G,6.0102267,1.7528877,1.8526383155639717e-09,2.0646524369450975e-06
7,GZMK,5.9560475,2.2421348,2.5841097497509214e-09,2.81126530203855e-06
7,CTSB,-5.915894,-2.0863366,3.300774341875426e-09,3.507418168115627e-06
7,CTSS,-5.8302374,-1.93356,5.534850699076516e-09,5.747690866868276e-06
7,IRF8,-5.8247194,-2.698185,5.720859062040169e-09,5.808833161394209e-06
7,NCF1C,-5.757263,-6.7856755,8.54885618967586e-09,8.491616022144986e-06
7,GRN,-5.74939,-2.8797903,8.9565915315248e-09,8.707331494860238e-06
7,TUBA1B,-5.731636,-1.8421474,9.946646100855943e-09,9.468378200839786e-06
7,IL2RG,5.71178,1.1856537,1.1180055168989463e-08,1.0425287362887073e-05
7,ID2,5.645464,1.7033161,1.6473635210181785e-08,1.501255657884741e-05
8,HSPA6,24.00307,14.441834,2.5828351355715434e-127,1.1801490301453496e-122
8,HSPA1A,20.661795,10.925654,7.64692128661751e-95,1.7470156371406364e-90
8,DNAJB1,20.150036,7.204042,2.689241075338072e-90,4.09589344047824e-86
8,HSPA1B,20.119114,10.434991,5.019692926399883e-90,5.7339952298265865e-86
8,HSP90AA1,19.015717,5.3114977,1.2639868556554313e-80,1.1550817481721594e-76
8,HSPA7,18.357098,6.659339,2.8967993723094284e-75,2.2060092819927068e-71
8,HSPH1,16.656853,7.569929,2.698545954264808e-62,1.7614565963181087e-58
8,HSP90AB1,16.350931,5.0634036,4.283822137151803e-60,2.446705013634252e-56
8,HSPA8,16.34257,3.3988142,4.913849747320151e-60,2.4947069183839147e-56
8,HSPE1,15.481096,6.6353774,4.6547362393380057e-54,2.1268420824783215e-50
8,UBB,15.278519,4.03736,1.0633062825986068e-52,4.4167809694995945e-49
8,DNAJA4,14.986806,7.693318,8.955714168498458e-51,3.4100374315585963e-47
8,RP11-138I1.4,14.889805,3.8344328,3.8388614872280185e-50,1.3492712236494049e-46
8,HSPD1,14.636377,6.342333,1.6460741487619247e-48,5.3723157146592756e-45
8,RP11-1033A18.1,14.414183,3.3083642,4.2139683169730024e-47,1.2836309355942028e-43
8,HSPB1,14.338387,6.700025,1.259499895972432e-46,3.5968168279232725e-43
8,DNAJA1,13.546828,4.68212,8.272828291204151e-42,2.2235415898923533e-38
8,HSP90AB3P,13.032,2.389861,8.047034289284263e-39,2.0426949485887585e-35
8,CACYBP,12.929294,5.6469545,3.076317088561136e-38,7.398056863712391e-35
8,UBBP4,12.767927,2.8197682,2.476609872867307e-37,5.65806291555265e-34
8,UBC,12.403608,2.1811721,2.4981609226386513e-35,5.435522327485965e-32
8,AHSA1,12.345069,5.5479884,5.179003055824394e-35,1.0756318528487647e-31
8,ZFAND2A,12.340895,6.6647954,5.454657324049808e-35,1.0836269671760166e-31
8,BAG3,11.934152,6.3480206,7.855578345781986e-33,1.495571190731127e-29
8,STIP1,11.172544,4.8722267,5.55665711832866e-29,1.0155791082026925e-25
8,CHORDC1,10.409723,4.369016,2.23870988672456e-25,3.9342743132391774e-22
8,RP11-153M3.1,10.394479,3.062337,2.627184230913319e-25,4.445974143662644e-22
8,DEDD2,9.987318,4.474812,1.7320435889550246e-23,2.826447702376178e-20
8,CACYBPP2,9.973505,3.5175917,1.9907600134061688e-23,3.136614018363954e-20
8,HSPD1P1,9.935795,2.9037142,2.9084673678136425e-23,4.429789699004698e-20
8,SERPINH1,9.776158,5.8754935,1.4251808218576578e-22,2.1006245842683905e-19
8,TCP1,9.742799,4.228073,1.9802335151829774e-22,2.827525930491894e-19
8,HSPA8P1,9.690943,1.8406962,3.29473285168361e-22,4.5619070745190155e-19
8,FKBP4,9.382654,4.695199,6.433267340591064e-21,8.645554450773144e-18
8,HSP90AB2P,9.102423,2.0662117,8.833872863271573e-20,1.1532494824817278e-16
8,NUDC,8.871178,3.4191995,7.237622304347556e-19,9.186151064729126e-16
8,RP11-762H8.4,8.731626,4.7318525,2.5103755267330314e-18,3.100110231553667e-15
8,HSP90AA6P,8.7264385,2.9544804,2.6281918419870346e-18,3.1601932011597786e-15
8,DNAJB4,8.350807,4.102406,6.779778245353813e-17,7.943118656069395e-14
8,DNAJB6,8.079159,2.9792051,6.521491550146451e-16,7.449499797732291e-13
8,DOK2,8.062625,3.473257,7.467340844416821e-16,8.321896045441302e-13
8,DNAJB1P1,7.8462415,3.099306,4.286909338198353e-15,4.6637490828799795e-12
8,SOD1,7.76508,2.9564586,8.159366328673405e-15,8.670180611389424e-12
8,NR4A1,7.6128206,3.3639488,2.6817746535047097e-14,2.7849010788167547e-11
8,ZC3HAV1,7.458152,2.026117,8.77444457390995e-14,8.909376032690965e-11
8,MRPL18,7.3929505,3.5824497,1.436058047463284e-13,1.426442702275921e-10
8,DNAJA1P3,7.38592,2.0806136,1.5140254848368867e-13,1.471890477726958e-10
8,PPP1R15A,7.148935,2.337511,8.745391568409307e-13,8.32488399049496e-10
8,RP11-144L1.8,6.920893,2.4505816,4.488051013578833e-12,4.185061773723348e-09
8,PPP1R2,6.909603,2.617416,4.8601071220609355e-12,4.441360292424165e-09
9,CCL5,25.173658,7.231783,7.785087351808009e-140,3.5571621127881156e-135
9,VCAM1,24.510574,7.7653503,1.1394611870771663e-132,2.603213027996494e-128
9,NKG7,24.218416,8.018014,1.4233712321036242e-129,2.1678892779092933e-125
9,PRF1,23.244421,6.77326,1.6198892980335246e-119,1.8503995451436952e-115
9,HAVCR2,19.210781,5.362732,3.007085826582423e-82,2.7479953117640816e-78
9,KLRK1,18.94696,6.020143,4.678448441403155e-80,3.5627944364098825e-76
9,LYST,18.728392,4.190082,2.9056055774415673e-78,1.8966132863494297e-74
9,CD8A,18.310818,5.7489133,6.784333773395805e-75,3.874872234675014e-71
9,CST7,17.9849,5.11869,2.5585005149744113e-72,1.2989222836690088e-68
9,GZMB,17.230658,6.135072,1.5636449724785712e-66,7.144606608249087e-63
9,DUSP4,16.364904,3.9138668,3.4056396871451507e-60,1.4146408053185111e-56
9,CBLB,16.191996,3.7322187,5.743447173299671e-59,2.186913235353405e-55
9,PRDM1,16.02003,3.7238173,9.260802420482415e-58,3.254958339974481e-54
9,CTSW,15.98546,4.6394405,1.6137147033457267e-57,5.266703730376639e-54
9,RGS1,15.856573,4.300235,1.2661614146380254e-56,3.856896490509377e-53
9,PDCD1,15.274574,4.439465,1.129635378416232e-52,3.2259562319121545e-49
9,GZMH,15.1701,5.1004977,5.579197523290028e-52,1.4995570190245175e-48
9,APOBEC3C,14.961081,2.8550565,1.3186655125787065e-50,3.3473591444859032e-47
9,CD3G,14.947263,3.8459964,1.6228475565726602e-50,3.902692134469368e-47
9,KIR2DL4,14.878453,5.852079,4.548946995536401e-50,1.0392524306002461e-46
9,CCL4,14.340685,5.0203857,1.2184695895273011e-46,2.651157737365783e-43
9,GZMA,14.272916,4.7620487,3.2279404300857926e-46,6.7041388241581835e-43
9,CXCR6,13.932786,4.484585,4.004241619692557e-44,7.954861221173578e-41
9,CCL4L1,13.629838,3.709147,2.661688206673853e-42,5.0674107308059034e-39
9,CD27,13.412446,3.725973,5.112415408399455e-41,9.343859393623516e-38
9,PHLDA1,13.274736,2.7694402,3.2441046458608823e-40,5.701139595333671e-37
9,APOBEC3G,13.250993,3.5225258,4.452720234451842e-40,7.535321961206429e-37
9,TNFRSF9,13.245841,3.9101384,4.769121364852544e-40,7.782524764387229e-37
9,KLRD1,13.005439,4.0694337,1.1394228305997812e-38,1.7952588957160415e-35
9,CD2,12.630496,3.4350953,1.4337079532914108e-36,2.183632793393038e-33
9,TRBC2,12.622185,3.2874508,1.593394187480486e-36,2.3485602327212375e-33
9,TRGC2,12.557317,3.9102955,3.624139472405637e-36,5.1748181491612e-33
9,GAPDH,12.475865,1.8286221,1.0110218746323352e-35,1.3998670150212324e-32
9,HLA-A,12.430598,0.85632205,1.7829475774191865e-35,2.3960717855128665e-32
9,SH2D2A,12.377946,2.8823233,3.440351420616046e-35,4.491329631736811e-32
9,CCL3,12.356825,3.9514518,4.4748578224887724e-35,5.679588989587694e-32
9,TIGIT,12.272462,3.4778779,1.2732196979344874e-34,1.5350841100056544e-31
9,LAG3,12.2722435,3.1201785,1.2766610386985657e-34,1.5350841100056544e-31
9,HLA-C,12.238326,0.67980444,1.9399178724408593e-34,2.2727878827581473e-31
9,CD3E,12.219364,2.8425193,2.4499414224531564e-34,2.79856808686824e-31
9,CTLA4,12.113102,3.322771,9.002392467884488e-34,1.0032617479087268e-30
9,CD7,12.074221,2.2352123,1.4452776024416748e-33,1.5723243859705953e-30
9,KLRC4-KLRK1,12.063107,2.8645117,1.654228408010962e-33,1.757790800438067e-30
9,GPR56,12.054576,3.4921753,1.834739702057332e-33,1.9052937833273547e-30
9,SIRPG,12.051254,3.4695709,1.910197519199383e-33,1.9395721121612932e-30
9,KLRC4,11.9841585,3.1868465,4.3018898091094284e-33,4.2730858512571305e-30
9,CCL4L2,11.905285,2.8782015,1.1108298173847248e-32,1.0799156599136776e-29
9,CD8B,11.846781,3.695744,2.2361657780721015e-32,2.1286434735764678e-29
9,CD3D,11.782171,3.435692,4.823407609835863e-32,4.497778377726944e-29
9,HLA-B,11.759097,0.6221963,6.340883487257332e-32,5.794552965995241e-29
10,TRBV6-5,30.87601,11.448088,2.507955422569915e-209,1.1459349916806457e-204
10,TRBV6-1,24.274025,9.353388,3.6878652375675775e-130,8.425296921746889e-126
10,TRBV6-6,20.60582,9.6043,2.433620042593934e-94,3.7065655662067343e-90
10,TRBV6-9,19.856628,9.6557455,9.657898682470104e-88,1.10322176649856e-83
10,TRBV6-8,18.648237,11.062368,1.305087797779381e-77,1.1926414331227094e-73
10,TRBV6-7,18.442232,10.7017145,6.020359635888807e-76,4.584704541383856e-72
10,TRBC2,13.325024,3.6433408,1.655812714840491e-40,1.080819922378453e-36
10,TRAC,11.377433,3.5905788,5.417090923501136e-30,3.093971480957674e-26
10,CD2,10.500444,2.7820537,8.597434761589713e-26,4.364822101406191e-22
10,CD3G,9.742738,2.6947663,1.9814365890244914e-22,9.053580062570705e-19
10,HLA-DRA,-8.724799,-2.8325367,2.6665352688639963e-18,1.1076302682266702e-14
10,FGD2,-7.942816,-4.1574726,1.9764267321974894e-15,7.525574187297307e-12
10,IRF8,-7.894833,-3.790252,2.9070363048354956e-15,1.0217561756964883e-11
10,CD3D,7.8270025,2.5945075,4.9963955749006024e-15,1.6306807614882736e-11
10,CD74,-7.331301,-1.1657922,2.2792890463810266e-13,6.943018340482792e-10
10,SPOCK2,7.234671,1.8128031,4.666594012462236e-13,1.3326625851089032e-09
10,ZAP70,7.1562414,1.918149,8.291920875046425e-13,2.2286732271918898e-09
10,HLA-A,6.9694734,0.5696097,3.1813004850672296e-12,8.075554542427325e-09
10,IL32,6.9158587,2.635573,4.6503798722849026e-12,1.1183429322339041e-08
10,LCK,6.828677,1.9452469,8.570111832800979e-12,1.9579277493217116e-08
10,CD83,-6.8032465,-2.7195823,1.0228749681544384e-11,2.2255810973767906e-08
10,CYBB,-6.7875404,-6.173343,1.1406124041567635e-11,2.3689482713968564e-08
10,TMEM66,6.754236,0.8062398,1.4358957432498548e-11,2.852562969590103e-08
10,CD3E,6.6530833,1.7543956,2.8701600736344305e-11,5.464306420187683e-08
10,HLA-DQA1,-6.4067287,-2.077609,1.486749324393181e-10,2.717302005206929e-07
10,IFI30,-6.37198,-3.2662776,1.8660284377431547e-10,3.279329668360009e-07
10,CIITA,-6.356356,-2.5255148,2.0659599947747462e-10,3.496216447453619e-07
10,B2M,6.305707,0.36228436,2.868814538828655e-10,4.6814954967199605e-07
10,HLA-DQB1,-6.263262,-1.7909169,3.77007119758502e-10,5.940072177932922e-07
10,CD6,6.1808567,1.4423417,6.375460716199863e-10,9.397017775632392e-07
10,HLA-DPB1,-6.1859956,-1.6871678,6.171174693668121e-10,9.397017775632392e-07
10,NCF1C,-6.118237,-4.809216,9.461619539456012e-10,1.3510009999900754e-06
10,GRN,-6.047128,-2.6090648,1.4745026173974947e-09,2.0416052604280706e-06
10,CDC42SE2,5.978143,1.2189043,2.2569555274711573e-09,3.0330827047415326e-06
10,HLA-DRB1,-5.9624777,-1.3856139,2.484412588912143e-09,3.24336514321639e-06
10,ARHGDIB,5.9015107,0.9624399,3.601880113168007e-09,4.571586281413127e-06
10,HLA-DQA2,-5.892637,-1.6268702,3.800811081529115e-09,4.693693511816982e-06
10,NCF1,-5.868963,-2.795682,4.385303434014587e-09,5.272981171236697e-06
10,FTL,-5.850137,-1.117744,4.9116741536252505e-09,5.6106053856861234e-06
10,HLA-DRB6,-5.8534923,-1.0765707,4.813569450826044e-09,5.6106053856861234e-06
10,NCF1B,-5.789369,-2.9532325,7.065119754020059e-09,7.873645165870354e-06
10,INPP4B,5.7005672,1.4858018,1.1940949393748978e-08,1.2990615707123293e-05
10,BCL11A,-5.67999,-7.0813227,1.3470285860065455e-08,1.4313588407397925e-05
10,CTSS,-5.592677,-1.7424681,2.2359495668661418e-08,2.3219319911192673e-05
10,BCL11B,5.574617,1.1129696,2.4807518770496147e-08,2.5189003281366886e-05
10,HLA-DRB5,-5.544147,-1.3025134,2.9539079667533688e-08,2.9341296264542374e-05
10,SYK,-5.4468603,-5.5064483,5.126673085243534e-08,4.983998864062714e-05
10,FYN,5.4262195,1.4905211,5.756021438226486e-08,5.479252740738429e-05
10,PRKCH,5.419768,1.3970627,5.967653418542307e-08,5.5647759183680633e-05
10,HLA-DMB,-5.40715,-2.289575,6.403566762353751e-08,5.851835450109352e-05
11,HLA-DRA,-12.239182,-3.988049,1.9195679809852235e-34,8.770890018717684e-30
11,MALAT1,11.660485,0.6411612,2.028830673176379e-31,4.6350665559387554e-27
11,CCL5,11.471934,4.0893235,1.8253384944405e-30,2.780112216265844e-26
11,HLA-DRB5,-10.605395,-2.3961403,2.8127301750606466e-26,3.2129816789717767e-22
11,CD74,-10.563898,-1.6621038,4.3808361520558975e-26,4.003383309194761e-22
11,HLA-DPA1,-10.517761,-2.8988485,7.155388106614887e-26,5.4490665561241235e-22
11,HLA-DRB1,-10.0901165,-2.5394409,6.109716807059354e-24,3.988074004973657e-20
11,TRDC,9.850873,4.34201,6.795114841445315e-23,3.881029841691492e-19
11,HLA-DRB6,-9.773551,-1.8012435,1.4623476419315461e-22,7.424176495015134e-19
11,RN7SK,9.704525,3.841695,2.884165843523384e-22,1.3178330572227044e-18
11,TRGC1,9.302642,2.4085348,1.3699897552903487e-20,5.690688354429693e-17
11,SYNGR2,-9.010464,-2.5532072,2.0518758158909228e-19,7.812859148307337e-16
11,KLRG1,8.964116,2.7576408,3.1277833469474474e-19,1.0814469806053514e-15
11,HLA-DQB1,-8.957755,-2.49305,3.3135467321358047e-19,1.0814469806053514e-15
11,EGR1,8.858572,2.2266471,8.104595464045525e-19,2.468767839621121e-15
11,FOSB,8.657559,1.5749114,4.81971801356474e-18,1.3763909717237508e-14
11,HLA-DPB1,-8.641284,-2.2673879,5.558457100364451e-18,1.4939824813520736e-14
11,KLRK1,8.5,2.6678553,1.895900453125596e-17,4.8126379724563744e-14
11,NKG7,8.402062,3.1676826,4.387037525443322e-17,1.0550132558555592e-13
11,RPS27,8.373631,0.5727274,5.586983604660087e-17,1.2764022743206433e-13
11,PSAP,-8.306086,-2.210357,9.89110527980869e-17,2.1521161068810413e-13
11,HLA-DQA1,-8.221276,-2.5178509,2.013484642614429e-16,4.1818245586517497e-13
11,HLA-DMA,-8.203344,-2.5186048,2.337896001291115e-16,4.644484525695375e-13
11,TRGC2,8.167254,2.4537525,3.1548752068928514e-16,6.006356581389507e-13
11,IRF8,-8.136061,-3.486172,4.083464160577693e-16,7.463265777004638e-13
11,FOS,8.042151,1.8683097,8.82748271948916e-16,1.5513282323803797e-12
11,FYN,7.9788184,2.0190237,1.4774058086126461e-15,2.500208378041816e-12
11,TRDV2,7.88755,6.5118656,3.0817650605429395e-15,5.029000326654571e-12
11,GZMA,7.870714,2.7072177,3.5262251393939377e-15,5.555871692040958e-12
11,CTSS,-7.803109,-2.2691028,6.040019283331518e-15,9.199352036466124e-12
11,DNAJB1,7.7914658,1.5364487,6.6236221891490444e-15,9.762791776341876e-12
11,FGD2,-7.777682,-3.2296402,7.386543814938368e-15,1.0547061249755124e-11
11,HIF1A,-7.6132097,-2.0315938,2.6737168212123338e-14,3.702044514994968e-11
11,RN7SL2,7.4892583,2.7011805,6.926401429323484e-14,9.308268650254371e-11
11,HLA-DQB2,-7.4614377,-2.1518142,8.558327513096908e-14,1.1172774306526398e-10
11,HLA-DQA2,-7.367661,-2.0140808,1.7364768251972118e-13,2.2039749749141945e-10
11,PPP2R5C,7.2927876,1.1435683,3.036066752818144e-13,3.749296272155855e-10
11,RPS3,7.2854805,0.31680715,3.205260426100747e-13,3.854072615510404e-10
11,IL32,7.2614446,2.6461875,3.8297850613852787e-13,4.4869368980722093e-10
11,CD69,7.2473483,1.8403326,4.2501073631521604e-13,4.854897640928713e-10
11,ZAP70,7.1132684,1.7961106,1.1332650987427498e-12,1.2629548510183834e-09
11,IER2,7.09511,1.3828865,1.2924880169076987e-12,1.4061038682987277e-09
11,GZMK,7.04125,2.2599354,1.9052245538088138e-12,2.0245004723867982e-09
11,IFI30,-7.02783,-3.3974497,2.0976977784335045e-12,2.178363793004175e-09
11,CYBB,-7.009051,-5.6827893,2.3994006833411023e-12,2.43629813384937e-09
11,TC2N,7.003906,1.9443179,2.4892391884709686e-12,2.4725721086872933e-09
11,A2M,6.988842,1.6107218,2.771646456765038e-12,2.694512125585279e-09
11,RPL13A,6.9698186,0.37445518,3.1735017331916717e-12,3.0209091915207054e-09
11,CTSW,6.884162,2.0927143,5.812869741467433e-12,5.4204417189210196e-09
11,GPX1,-6.839339,-2.1524963,7.955944308866543e-12,7.270460147214602e-09
12,IGJ,27.970547,17.282467,3.708617258099742e-172,1.6585425266848138e-167
12,PLD4,27.946554,15.504931,7.259662639782955e-172,1.6585425266848138e-167
12,IL3RA,27.908548,13.651542,2.101216498115636e-171,3.200292807729988e-167
12,LILRA4,27.867306,18.108442,6.646771665709619e-171,7.592607273740098e-167
12,TCF4,27.668354,12.707778,1.6786829771812484e-168,1.534047651867312e-164
12,BCL11A,27.65422,12.997848,2.4830109970452906e-168,1.8908956412832236e-164
12,SERPINF1,27.46188,16.409254,5.011909688579496e-166,3.2714882498653473e-162
12,NAPSB,27.424223,14.477903,1.410555653000424e-165,8.056388612111923e-162
12,PTPRS,27.396364,13.114574,3.030218102958313e-165,1.5384080617819028e-161
12,IRF8,27.377161,13.153751,5.130778899001935e-165,2.344355494531964e-161
12,PLAC8,27.131432,13.029813,4.1940696149658552e-162,1.7421402622456351e-158
12,IRF7,26.886173,11.601652,3.187045872574302e-159,1.2135208334138751e-155
12,AC096579.7,26.641367,13.284439,2.2532728248409434e-156,7.919733993279415e-153
12,SPIB,26.520063,13.237238,5.689941491724472e-155,1.8570343331419613e-151
12,C1orf186,26.185112,10.104422,3.926934265337423e-151,1.1961965363453169e-147
12,MPEG1,26.053574,11.576563,1.2256113620262695e-149,3.500039647106519e-146
12,GPR183,25.93369,12.526535,2.777822999926988e-148,7.466134618391996e-145
12,LILRB4,25.888327,11.8253145,9.014190325973598e-148,2.2882021354132536e-144
12,CYB561A3,25.869066,11.955589,1.4849836759121975e-147,3.571151269462112e-144
12,ITM2C,25.579987,10.853178,2.547906792205223e-144,5.820947857472053e-141
12,TSPAN13,25.529013,12.559528,9.392128963175393e-144,2.043548364692429e-140
12,CCDC50,25.508554,9.8889885,1.584323978777229e-143,3.2904968744676886e-140
12,TGFBI,25.276863,11.923025,5.739380005253027e-141,1.1401902226087883e-137
12,CST3,24.741991,12.51505,3.7810452162599766e-135,7.198479917556285e-132
12,UGCG,24.639948,9.071262,4.716567110397759e-134,8.620375376331776e-131
12,GRN,24.596483,11.611915,1.3775020008201898e-133,2.4208008239029276e-130
12,RP11-38J22.6,24.267609,13.383226,4.310323492741072e-130,7.294344482604632e-127
12,RNASE6,24.213062,11.451137,1.6207829096882887e-129,2.6448861681956172e-126
12,CD74,24.14145,5.104791,9.181651036061852e-129,1.4466482728956487e-125
12,GZMB,24.079197,12.146247,4.129507767718528e-128,6.289515630753166e-125
12,SEC61B,24.05416,9.271117,7.551707909128067e-128,1.1130730251092892e-124
12,CLIC3,24.04021,11.31335,1.0567493591869134e-127,1.508905991249014e-124
12,NPC2,23.841028,10.874316,1.254655330295987e-125,1.7372033742995226e-122
12,IRF4,23.835678,9.622033,1.4256468638028035e-125,1.9159016617905203e-122
12,SMPD3,23.639496,11.834445,1.51373673434562e-123,1.9761616818777163e-120
12,CSF2RB,23.434786,9.727003,1.8896303451722278e-121,2.39836082587804e-118
12,TRBC2,-23.373755,-13.750236,7.903979996403618e-121,9.760774432315516e-118
12,CD68,23.321264,10.411406,2.698042067904542e-120,3.244182583334062e-117
12,SLC15A4,23.318844,9.326234,2.8550017560494838e-120,3.3448907753182824e-117
12,IGKC,23.233885,10.887609,2.0703120915392814e-119,2.364917502165321e-116
12,HERPUD1,22.963926,7.930123,1.0696451281579886e-116,1.1920542730681662e-113
12,THEMIS2,22.95309,9.615101,1.3723647244144886e-116,1.4930021187606385e-113
12,CD4,22.866163,9.292886,1.009279207850783e-115,1.072464780584139e-112
12,EGLN3,22.83766,11.54365,1.9383219131574617e-115,2.0128592012725168e-112
12,TNFRSF21,22.742075,10.421541,1.7190621348644913e-114,1.7454974903606297e-111
12,GPX1,22.726248,9.167897,2.465277902138913e-114,2.4487712587941565e-111
12,CYBB,22.678024,7.81698,7.382922409689984e-114,7.177457249862866e-111
12,WDFY4,22.63928,8.646793,1.779247868799175e-113,1.6936957004410812e-110
12,CTSB,22.565268,9.196143,9.509456025131114e-113,8.867470708169201e-110
12,ZFAT,22.561161,10.374633,1.0434971663148783e-112,9.535894504651883e-110
13,RP3-365I19.2,30.779058,15.422469,4.996885856366292e-208,2.2831770854908862e-203
13,RAP1GDS1,26.087029,8.824491,5.116929147228326e-150,1.1690136329757833e-145
13,RP11-733D4.2,15.642623,11.3709545,3.730421912923345e-55,5.68168126817645e-51
13,IL32,6.8971996,2.9656014,5.303767740736121e-12,6.058493890242871e-08
13,TRBC2,6.611739,2.7358103,3.7983051702396014e-11,3.04470451935469e-07
13,GZMA,6.604147,3.0393283,3.9981237669894375e-11,3.04470451935469e-07
13,CD3E,6.361775,1.9501321,1.9943573119816925e-10,1.3018024899866784e-06
13,LBH,6.3406835,2.2767708,2.2874819628141073e-10,1.3064953230612775e-06
13,CD3G,6.2968926,2.5731452,3.0367101501660526e-10,1.5417040020154142e-06
13,CD3D,5.834597,2.544042,5.392064721192858e-09,2.4637422124074405e-05
13,CST7,5.755192,2.5034232,8.65434072254993e-09,3.59485578449774e-05
13,HLA-A,5.572896,0.60587627,2.5053896256166785e-08,9.539151066219197e-05
13,PTPN22,5.5589504,1.7444433,2.7140191688008743e-08,9.539151066219197e-05
13,GZMK,5.5265985,2.4407206,3.2649863701725825e-08,0.00010655982658994687
13,TRAC,5.332733,2.7244086,9.674552047991512e-08,0.00028054500007110083
13,CCL5,5.3299522,2.5848641,9.823864136254952e-08,0.00028054500007110083
13,CYBB,-5.281362,-7.429577,1.2822692548173423e-07,0.00034464380465361175
13,HLA-L,5.203023,0.62870175,1.9607287358662754e-07,0.000479893114492899
13,RAC2,5.1997538,1.4262993,1.9955285772925415e-07,0.000479893114492899
13,ETS1,5.182253,1.5048431,2.1922169497026711e-07,0.0005008338843290722
13,SH2D2A,5.1676164,1.6963083,2.3709836298647528e-07,0.0005158808762656204
13,CBLB,5.137194,1.6295024,2.788709996027328e-07,0.0005791897142658212
13,DUSP2,5.0715675,1.897246,3.9455171075049e-07,0.0007511606986504746
13,HLA-DRA,-5.072229,-2.120216,3.931833795364758e-07,0.0007511606986504746
13,FTL,-5.062076,-0.95304066,4.1471552333781623e-07,0.00075796726769406
13,SKAP1,5.0300817,1.8910172,4.902709129750002e-07,0.0008296836502093966
13,IRF8,-5.0304093,-2.7127593,4.894341497274475e-07,0.0008296836502093966
13,FGD2,-4.994878,-3.0886135,5.887304359115602e-07,0.0009607239670596788
13,CD96,4.8858066,1.8875062,1.0300640341749615e-06,0.0016229546844662875
13,LINC00152,4.8499293,1.5938861,1.2350532949573186e-06,0.0018810685051063266
13,LCK,4.798124,2.105445,1.6015857605358702e-06,0.0023606340829162896
13,HNRNPA1,4.772775,0.58132464,1.8170466974211111e-06,0.0025945155530801693
13,COTL1,4.696615,1.4460462,2.6450827326478383e-06,0.0036623975824286374
13,ITK,4.676125,1.5828497,2.923463280532093e-06,0.0038120909257972654
13,PRKCH,4.6727962,1.6435037,2.9712622751366297e-06,0.0038120909257972654
13,SLA2,4.6705813,1.583901,3.0034858033945013e-06,0.0038120909257972654
13,CD7,4.62978,1.0570817,3.6605443059357898e-06,0.00452047541694103
13,CD74,-4.6177278,-0.8196251,3.879647216570942e-06,0.004664969489988407
13,NCF1C,-4.576992,-4.4921794,4.717095202012948e-06,0.00552650035821476
13,NCF1,-4.545986,-2.884489,5.4678645313784085e-06,0.006245941654193556
13,PIP4K2A,4.517344,1.2357618,6.262006845107875e-06,0.006978624799187049
13,JAKMIP1,4.5016775,1.8386056,6.7419223779850755e-06,0.00733456945940224
13,CD83,-4.4417977,-2.2504973,8.921049641296636e-06,0.009479548842095951
13,DUSP4,4.402342,1.4767761,1.0708859468821599e-05,0.01112066379203174
13,B2M,4.3778744,0.2628917,1.1984244352311177e-05,0.012060066055970233
13,CNOT6L,4.375034,1.3056941,1.2141360382006275e-05,0.012060066055970233
13,AC104698.1,4.356134,1.3225546,1.323798541565776e-05,0.012851869412677132
13,IFNGR2,-4.351823,-5.7827063,1.3501044642574244e-05,0.012851869412677132
13,GRN,-4.3410983,-2.3585696,1.417722568772683e-05,0.013220118288237027
13,ITM2A,4.3128314,1.7945462,1.6117689654251772e-05,0.01472898951364144
14,XCL1,40.099518,9.879508,0.0,0.0
14,XCL2,38.17873,11.736151,0.0,0.0
14,KLRK1,19.726858,5.4872136,1.268107559200486e-86,1.931412353166287e-82
14,CRTAM,18.130697,4.574238,1.8243303929824306e-73,2.0839326079038305e-69
14,CD8A,14.755178,4.6582503,2.8493808386361634e-49,2.6038781855792714e-45
14,CCL5,14.468505,5.263879,1.915927022162751e-47,1.459042291611007e-43
14,KLRC4-KLRK1,13.285134,2.7964592,2.823513229588938e-40,1.843028092662539e-36
14,CTSW,12.7612,3.4869657,2.7001054711294307e-37,1.5421652398355743e-33
14,NKG7,12.672215,4.787074,8.429981265905626e-37,4.279807822241776e-33
14,KLRD1,11.757733,3.3041978,6.444114034356395e-32,2.944444584578124e-28
14,DUSP2,11.690322,3.0449271,1.4284370657930028e-31,5.93346785547399e-28
14,CD8B,11.5326395,3.237575,9.033128217735103e-31,3.4395141210396025e-27
14,PRKCH,11.179799,2.4606254,5.120575447836827e-29,1.7997641027889255e-25
14,CST7,10.946857,3.377382,6.879305572778645e-28,2.245208787367156e-24
14,CD4,-10.671812,-3.6986861,1.3791059548225267e-26,4.2009406191833925e-23
14,SCML4,10.663534,2.3757803,1.5075807554913137e-26,4.305273742494319e-23
14,CCL4,10.380567,3.1394289,3.039649920068326e-25,8.169863773397761e-22
14,FYN,10.349397,2.449021,4.211295495880019e-25,1.0690139655430545e-21
14,IL2RB,9.956496,2.3061109,2.3624163038057634e-23,5.68123819755226e-20
14,CD96,9.756795,2.4517908,1.7252127118838434e-22,3.9414209615698285e-19
14,KLRC4,9.656198,2.3184588,4.627193980855596e-22,1.0067892732059709e-18
14,SH2D1A,9.598476,2.4547353,8.113501062386518e-22,1.6851004115571128e-18
14,CD7,9.585107,1.5565953,9.236169132765923e-22,1.834865391366698e-18
14,RNF19A,9.349646,1.9667827,8.794222505602089e-21,1.6742733946915443e-17
14,CCL4L1,9.219806,2.314991,2.9764006499313514e-20,5.439907939866533e-17
14,ZNF683,9.1327715,2.9578915,6.676792890577291e-20,1.1733693106009908e-16
14,PDCD4,9.069633,1.8414524,1.194187819967933e-19,2.0209196248138815e-16
14,TRGC2,9.014714,2.4151046,1.973840680514284e-19,3.221026013359238e-16
14,TRGC1,8.927622,1.9386841,4.35263919063887e-19,6.766633281640132e-16
14,SLA,8.925354,1.968006,4.442768940935043e-19,6.766633281640132e-16
14,CBLB,8.715571,1.8578738,2.8929605520309615e-18,4.2640372110773776e-15
14,IL32,8.613908,3.067829,7.061140444817657e-18,1.0082425912644012e-14
14,GZMK,8.486096,2.5796056,2.1369510088164973e-17,2.958835318025558e-14
14,STAT4,8.432074,1.9851367,3.395944825008264e-17,4.563750321890517e-14
14,SLAMF7,8.276996,1.955769,1.263216430940373e-16,1.6491110046436435e-13
14,TCF7,8.272847,1.7872174,1.3079739354162032e-16,1.660109584917699e-13
14,NR4A2,8.246477,1.6329275,1.631319243951982e-16,2.0145469971528097e-13
14,FGD2,-8.203028,-3.1800432,2.3440624340123896e-16,2.818550019339319e-13
14,GRN,-8.170943,-3.0969698,3.0598734164017914e-16,3.5849163113392476e-13
14,SAT1,-8.167779,-1.6239189,3.1411752429009546e-16,3.5881644799657603e-13
14,ID2,8.123256,2.057705,4.538400523285972e-16,5.05777065146299e-13
14,PSAP,-8.111462,-1.7861004,5.00145721539274e-16,5.441109121088693e-13
14,TUBA4A,8.040627,2.0226853,8.938026417691726e-16,9.497588443655124e-13
14,EEF1A1,8.030228,0.41381973,9.729201924211431e-16,1.010333396184247e-12
14,CYBB,-8.018367,-6.7940893,1.0716035489706794e-15,1.0880824302126284e-12
14,RPS18,8.014637,0.8014017,1.1046288649649333e-15,1.0972326543038638e-12
14,RP11-291B21.2,7.983238,2.4425893,1.4254331253966625e-15,1.385763624800517e-12
14,ZFP36L2,7.9592724,1.4708228,1.7305360298414343e-15,1.6036859538308815e-12
14,NUCB2,7.957947,2.1971703,1.7491787638664575e-15,1.6036859538308815e-12
14,ADAM19,-7.9575434,-1.8219149,1.754887019424496e-15,1.6036859538308815e-12
15,IGHV1OR15-1,37.339912,14.643976,3.696346839885654e-305,1.688934798080553e-300
15,IGHV1-2,22.205826,6.6751966,3.017041085495831e-109,6.892732063923775e-105
15,IGHV1-8,18.243246,5.8972564,2.3413308315094577e-74,3.5660029451110045e-70
15,CD3E,9.175578,2.383283,4.491584584642753e-20,5.130737071037417e-16
15,HLA-DMA,-8.679287,-2.946315,3.982583590888997e-18,3.639444188698001e-14
15,CD74,-8.540963,-1.5475665,1.3310718993952898e-17,1.0136556204528264e-13
15,TRBC2,8.497935,2.9175894,1.9299255213182796e-17,1.2597450988582118e-13
15,CD2,8.354376,2.580629,6.577933999648009e-17,3.7569870038989607e-13
15,CD3G,8.327725,2.916743,8.241060143383995e-17,4.1838946674611275e-13
15,CD52,8.133493,2.2100909,4.1709202009860325e-16,1.905776858234538e-12
15,FYB,8.118721,1.953384,4.711237596925874e-16,1.9569624388976093e-12
15,HLA-DRA,-7.6046557,-2.6194692,2.8566376835950203e-14,1.087712408656864e-10
15,TRAC,7.5588093,2.8815632,4.067751593625495e-14,1.4297208139687395e-10
15,HLA-DPA1,-7.4781866,-2.1735,7.535527966506217e-14,2.4593810274685857e-10
15,HLA-DQB1,-7.4433565,-2.288552,9.815886485709206e-14,2.9900499020335e-10
15,IFITM1,7.4152117,2.2442205,1.2143048682386928e-13,3.467751127472647e-10
15,ZAP70,7.400569,2.1597013,1.3560225912388666e-13,3.644669661110958e-10
15,TMSB4X,7.340899,0.5359769,2.1216424176825479e-13,5.385671408263943e-10
15,HLA-DRB1,-7.2916427,-1.9889269,3.0619885937981737e-13,7.363599096201377e-10
15,IRF8,-7.2407002,-3.7025394,4.4637382169380663e-13,1.0197856330416705e-09
15,CD3D,7.225802,2.5452657,4.981530175991133e-13,1.0346185309153946e-09
15,HLA-DPB1,-7.2261825,-2.0534053,4.96759899910925e-13,1.0346185309153946e-09
15,FGD2,-7.2194824,-3.769207,5.218581374973667e-13,1.0367279138491164e-09
15,CD83,-7.0690546,-3.2155175,1.5599269874190105e-12,2.9698409962145594e-09
15,IL32,7.015526,2.9043274,2.290856491713456e-12,4.186952592774849e-09
15,SYNGR2,-6.8687444,-2.1641297,6.476942546773612e-12,1.1382479186429996e-08
15,PTPRCAP,6.8303356,1.7078071,8.471627944512979e-12,1.4336504594099521e-08
15,GZMA,6.8107266,2.4484303,9.710715047770959e-12,1.584649971295538e-08
15,HLA-DRB6,-6.741596,-1.3544915,1.5665605005354206e-11,2.468251116912567e-08
15,HLA-DRB5,-6.7242656,-1.6933278,1.7648054023029422e-11,2.687916281400868e-08
15,RPS27,6.641147,0.57082945,3.112510595216029e-11,4.587639810213252e-08
15,RPS3,6.589805,0.4549386,4.4040400261011894e-11,6.288418652269237e-08
15,HLA-DQA1,-6.5818768,-2.2002954,4.6454644962857e-11,6.43213829588746e-08
15,RPS15A,6.419802,0.69724214,1.3645162280403212e-10,1.8337492791652455e-07
15,GIMAP7,6.274822,1.9213189,3.500342861623585e-10,4.569647600951567e-07
15,CYBB,-6.2509885,-7.056981,4.0786234799885835e-10,5.176679556878843e-07
15,TC2N,6.175712,1.8426416,6.586586702409625e-10,8.075140140807086e-07
15,LIME1,6.172644,1.989108,6.715734162450085e-10,8.075140140807086e-07
15,TMSB4XP4,6.164152,0.6456179,7.086186560396231e-10,8.302103495323708e-07
15,CCL5,6.1423607,1.9636292,8.130387056915761e-10,9.120101132959305e-07
15,HLA-DQB2,-6.1413255,-1.9037426,8.183580198969875e-10,9.120101132959305e-07
15,RPL13A,6.1223087,0.46294925,9.222912889066485e-10,1.0033650850648233e-06
15,C16orf54,6.0807447,1.3315612,1.1962559064806173e-09,1.2624198160942018e-06
15,HLA-A,6.078163,0.4607452,1.2156717129507327e-09,1.2624198160942018e-06
15,LCK,6.0699744,1.9126619,1.279305936628568e-09,1.298978819031834e-06
15,ARHGDIB,6.066092,0.8912897,1.3105995856213803e-09,1.3018242666567848e-06
15,FTL,-6.06154,-0.9834653,1.3482410134161972e-09,1.3107197528726145e-06
15,RPL28,6.044802,0.59984505,1.4959358562903583e-09,1.4240062738670636e-06
15,LAT,6.006663,1.8637339,1.8938078446875424e-09,1.7659564906012895e-06
15,IFI30,-5.908728,-3.2513297,3.4475891821051856e-09,3.1505448981750027e-06
16,RSAD2,23.589733,9.114127,4.912626288224075e-123,2.2446772036153447e-118
16,ISG15,23.437191,7.993241,1.7858899192753703e-121,4.080044109576511e-117
16,IFI6,22.27208,7.1743064,6.892725912921058e-110,1.0498081080439631e-105
16,IFITM1,22.046911,5.3508043,1.0227193473351304e-107,1.1682523104609196e-103
16,IFITM2,21.617865,3.735951,1.219908076363057e-103,1.114800796503616e-99
16,IFIT3,20.773449,8.582189,7.525461399343751e-96,5.730889704313578e-92
16,IFI44L,20.701025,7.6615043,3.39080874460914e-95,2.2133261879811545e-91
16,MX1,20.623955,6.9203954,1.6730638098959023e-94,9.555703950220446e-91
16,IFIT1,19.739548,9.256204,9.865614457891457e-87,5.008662842333072e-83
16,XAF1,19.150488,5.471764,9.588428681267724e-82,4.381144833044849e-78
16,ISG20,17.25893,4.892585,9.587192503602161e-67,3.9823454534053633e-63
16,OAS3,17.21524,5.6199245,2.0410020518344215e-66,7.771455479368199e-63
16,LY6E,16.715952,4.1022534,1.003053823315014e-62,3.5255027149930483e-59
16,OASL,16.133617,5.37387,1.4808514466423622e-58,4.8330760214273434e-55
16,STAT1,16.00337,4.1314697,1.2104039286424565e-57,3.687051753835408e-54
16,MX2,15.20403,4.756117,3.325179171200553e-52,9.49588041815598e-49
16,OAS2,14.964834,4.6377406,1.2463481205276876e-50,3.3498904895971235e-47
16,EIF2AK2,14.889165,4.546979,3.8758287049206926e-50,9.838575843624238e-47
16,RNF213,14.865766,2.9161386,5.498298265125307e-50,1.3222539175268713e-46
16,OAS1,14.787264,5.489821,1.77003337087668e-49,4.043818239104863e-46
16,TRIM22,14.613499,4.092676,2.3037681417382208e-48,5.01256066344299e-45
16,DDX60,14.592231,4.627778,3.1473494016253456e-48,6.536758584502967e-45
16,UBE2L6,14.426764,4.0660353,3.5117562644133183e-47,6.976485531894493e-44
16,IFI44,14.411981,5.40651,4.350523730170324e-47,8.282672094955935e-44
16,PARP9,14.242991,4.1229715,4.955907607244063e-46,9.057813215607828e-43
16,HERC5,13.760331,5.0857167,4.415001742703761e-43,7.758856139523857e-40
16,EPSTI1,13.719267,4.046632,7.784877259935507e-43,1.3174318954110119e-39
16,C19orf66,13.663686,4.0783963,1.6729614223905817e-42,2.730034046852516e-39
16,SAMD9L,12.972565,3.9975164,1.7507373298508826e-38,2.7584375888119493e-35
16,USP18,12.919493,4.9994283,3.4943671986251507e-38,5.322154201319346e-35
16,IFI16,12.855583,3.259008,8.001967572619993e-38,1.1794383946069443e-34
16,SAMD9,12.747894,3.7692745,3.202809975957122e-37,4.573212294419776e-34
16,STAT2,12.7029705,3.5259113,5.692750383836976e-37,7.882216682978155e-34
16,CCL5,12.584155,4.3039775,2.5808876870609735e-36,3.468409417564412e-33
16,IRF7,12.278358,3.9750192,1.1837519999698264e-34,1.5262057142783998e-31
16,SP100,12.277089,2.9651484,1.2024732056820098e-34,1.5262057142783998e-31
16,HLA-A,12.269959,0.959894,1.3131897024993395e-34,1.6216828077459411e-31
16,DDX60L,11.981984,3.748588,4.416235811121688e-33,5.310174912678215e-30
16,IFIT2,11.977616,5.3325167,4.6551800434673125e-33,5.45396119348996e-30
16,B2M,11.688246,0.5681988,1.463794328770306e-31,1.6720922617543204e-28
16,DDX58,11.600222,3.5042539,4.110134147534557e-31,4.580493889491439e-28
16,SP110,11.548072,3.1397226,7.549490802876325e-31,8.213126994405359e-28
16,DTX3L,11.5083685,2.8234642,1.1972241493384636e-30,1.272175949571467e-27
16,PRF1,11.460965,3.764333,2.0719289034834823e-30,2.1516039876810745e-27
16,PLSCR1,11.241641,3.816529,2.5460550301643346e-29,2.585207698628195e-26
16,TAP1,11.152277,2.866544,6.979739362910873e-29,6.933005455872253e-26
16,HLA-C,10.923646,0.6764807,8.885574210495815e-28,8.63829057076542e-25
16,PARP14,10.906213,2.6536016,1.07648458871893e-27,1.0247236214113615e-24
16,HELZ2,10.31101,3.4446545,6.283736439535192e-25,5.85952011010698e-22
16,CD2,10.139663,3.1714666,3.683677245070174e-24,3.3662916136349282e-21
17,TRBV10-1,20.140915,13.7670555,3.2330890071752447e-90,1.477263029158513e-85
17,TRBV10-2,18.11054,11.517861,2.6315243942964316e-73,6.011980631209628e-69
17,TRBC2,10.193568,3.8205945,2.118433917320849e-24,3.2265160850074744e-20
17,CD3D,7.56231,3.4609017,3.959732081236501e-14,4.448147593223236e-10
17,CD2,7.5354233,3.3330112,4.8675343530850434e-14,4.448147593223236e-10
17,PPP2R5C,6.0704045,1.6638806,1.2758836429534606e-09,9.716279235638254e-06
17,TRAC,5.88942,2.862905,3.875531748388051e-09,2.5297256663906686e-05
17,CD3G,5.8370295,2.8990164,5.313964942298768e-09,3.0350710767939418e-05
17,SYNE2,5.596711,1.9714422,2.184562338552902e-08,0.00011090780263684355
17,SLC9A3R1,5.315577,2.1111012,1.0631987856104164e-07,0.00048579678912111143
17,HLA-DQA1,-5.261412,-2.6263623,1.4295310414395712e-07,0.0005938012031405171
17,CD3E,5.2029095,1.9585068,1.9619233115196822e-07,0.0007470349995829776
17,HLA-DRA,-5.1038146,-2.4662435,3.328740548391285e-07,0.0011699754856699586
17,IRF8,-4.915286,-3.5048673,8.865293538874708e-07,0.0028933785169875936
17,CD83,-4.8570905,-3.5979767,1.1912303471310788e-06,0.0034018560638195785
17,RASGEF1B,-4.8662558,-1.8760153,1.1373244624992962e-06,0.0034018560638195785
17,CD8A,4.8074803,2.6056392,1.5284436772656975e-06,0.004108096970683779
17,FYB,4.7346997,1.5904976,2.1937975253939803e-06,0.005275736659489566
17,HLA-DQB2,-4.7386813,-2.1980975,2.151135146334513e-06,0.005275736659489566
17,ITK,4.50634,1.7816366,6.595533478852356e-06,0.015068155785786092
17,ARHGDIB,4.442158,1.05702,8.906098177430697e-06,0.019377973234436352
17,HLA-DQA2,-4.429445,-2.0338044,9.44759366768195e-06,0.019621793175623806
17,CD74,-4.4175696,-0.9029935,9.981686291631434e-06,0.019829704784227107
17,IL32,4.378766,2.6152296,1.193532586883143e-05,0.02181395638394583
17,HLA-DRB6,-4.3794713,-1.2100573,1.189675234889855e-05,0.02181395638394583
17,FTL,-4.3411493,-1.4436585,1.4173920701810192e-05,0.024909030181042742
17,HLA-DPA1,-4.279231,-1.864701,1.8754012576257036e-05,0.02764220460110763
17,HLA-DRB5,-4.283038,-1.4526658,1.8435861927974705e-05,0.02764220460110763
17,HLA-DQB1,-4.2895975,-1.9301448,1.7899734364358097e-05,0.02764220460110763
17,SAT1,-4.295004,-1.896342,1.746901544989146e-05,0.02764220460110763
17,HLA-DPB1,-4.308528,-1.7079937,1.6434484972873023e-05,0.02764220460110763
17,FYN,4.2600284,1.8090533,2.0440113457074482e-05,0.029185927002520227
17,LAT,4.2373605,1.9882059,2.261627737288661e-05,0.03131463471884652
17,ITM2A,4.2047176,1.8784946,2.614080708921361e-05,0.034832360384063996
17,LCK,4.1937017,2.0263946,2.7443862685509584e-05,0.034832360384063996
17,FGD2,-4.19936,-3.0807831,2.676704250227875e-05,0.034832360384063996
17,TMSB4X,4.148688,0.50400347,3.34386188334059e-05,0.041293983019891414
17,CD96,4.117009,1.9886466,3.8382070276184604e-05,0.04578475371491691
17,NLRC5,4.1038766,1.563224,4.0628406532208767e-05,0.04578475371491691
17,SYNE1,4.0986304,1.4929861,4.156015990831332e-05,0.04578475371491691
17,TIGIT,4.092756,1.9075204,4.262763109658667e-05,0.04578475371491691
17,MACF1,4.090269,1.5487186,4.308728901648925e-05,0.04578475371491691
17,FTH1P7,-4.094202,-1.2970318,4.236250103495932e-05,0.04578475371491691
17,INPP4B,4.072624,1.4916176,4.648642822327089e-05,0.04825329701678941
17,FOS,-4.0623627,-1.8439518,4.8578562172203294e-05,0.04825329701678941
17,CYBB,-4.0641017,-6.1669846,4.821776635166446e-05,0.04825329701678941
17,ATXN1,4.047379,1.302136,5.179437830011136e-05,0.05035295177209975
17,CD8B,4.0298104,2.0672667,5.5821819942818625e-05,0.05313772076723476
17,PTPRC,4.010035,0.8786047,6.0709769098719746e-05,0.055479015393174055
17,HLA-DRB1,-4.013667,-1.2590973,5.978258917749357e-05,0.055479015393174055
18,TRBV5-4,23.976408,12.422823,4.902014446596803e-127,2.239828440939011e-122
18,TRBV5-6,23.748598,10.624874,1.136007140976229e-124,2.595321914274293e-120
18,TRBV5-5,21.082342,11.332261,1.1552124210731762e-98,1.7594655314558523e-94
18,CD3G,9.746014,2.7679384,1.9185478717583527e-22,2.1915572339095664e-18
18,TRBV5-7,9.700718,7.0475116,2.993853816406193e-22,2.7359033715846355e-18
18,TRBC2,9.220322,3.320539,2.9621137772313135e-20,2.255748378487553e-16
18,CD2,8.927193,2.7477016,4.369556952129227e-19,2.852197089381266e-15
18,IL32,8.599592,3.2150152,7.999990115469473e-18,4.5691943544503896e-14
18,TRAC,8.422314,2.9138012,3.691203247641013e-17,1.873982875457924e-13
18,LCK,7.893869,2.6079962,2.9296017868393643e-15,1.3385936484426422e-11
18,FYB,7.5695515,1.5932685,3.7451510244060804e-14,1.5556676418832967e-10
18,HLA-DRB1,-7.480483,-2.0608974,7.404979310105906e-14,2.8195692886446584e-10
18,CD3E,7.4560204,1.954038,8.917512077995793e-14,3.13429970667526e-10
18,HLA-DRA,-7.359093,-2.5678253,1.8516360534740436e-13,6.043211039666857e-10
18,FGD2,-7.325701,-3.7769096,2.376528577294577e-13,7.239222916916254e-10
18,SPOCK2,7.260098,1.9158362,3.868096719196394e-13,1.1046317205845102e-09
18,HLA-DRB6,-7.229459,-1.4525068,4.849221569373265e-13,1.3033566585164894e-09
18,PRKCH,7.1443586,1.859157,9.04170455586089e-13,2.29518646981331e-09
18,B2M,6.909693,0.38996804,4.857041003676486e-12,1.1680416712630843e-08
18,CD74,-6.7813215,-1.2119064,1.1908139494954424e-11,2.7205335490172876e-08
18,IRF8,-6.6391473,-3.1209452,3.155032236709694e-11,6.864749188559017e-08
18,CDC42SE2,6.60279,1.4045165,4.0349098952328216e-11,8.380141042408096e-08
18,TRBV5-3,6.4961047,5.9736953,8.242621235436207e-11,1.6374863021284834e-07
18,FYN,6.4845533,1.8461201,8.899517855115483e-11,1.6943198743164027e-07
18,HLA-DPA1,-6.396994,-1.8762767,1.5846557582593062e-10,2.8962436362553687e-07
18,HLA-DRB5,-6.3286767,-1.6012322,2.472728222292693e-10,4.345534535884528e-07
18,HLA-DQB2,-6.306783,-1.968693,2.8489453436144503e-10,4.821259653349314e-07
18,CD3D,6.1783733,2.2292066,6.47653946233485e-10,1.0568787182607285e-06
18,CYBB,-6.101334,-6.1098847,1.0518665684264688e-09,1.6573064567083522e-06
18,CD83,-6.0698223,-2.4965086,1.2805173791628613e-09,1.9503133362903153e-06
18,IFI30,-5.843517,-3.2464194,5.111015276737497e-09,7.533306774989991e-06
18,HLA-DQB1,-5.8361063,-1.8519329,5.34347585414922e-09,7.629815585243317e-06
18,CD96,5.7603207,1.7195129,8.395417443273005e-09,1.1624345873273641e-05
18,ITK,5.743919,1.4776435,9.251009519710382e-09,1.243226844042961e-05
18,ITM2A,5.688691,1.8241384,1.2801668382381666e-08,1.6469310139084327e-05
18,TMSB4X,5.686382,0.45714125,1.2975907489430005e-08,1.6469310139084327e-05
18,NCF1,-5.6545906,-3.1471038,1.562183658650323e-08,1.9291701548932586e-05
18,NCF1C,-5.6426096,-4.71657,1.6749191089505887e-08,2.0139579980571132e-05
18,CD28,5.509938,1.5534031,3.589605850055676e-08,4.205545397454973e-05
18,CIITA,-5.481926,-2.2776115,4.207197980765756e-08,4.805882253428723e-05
18,LGALS9,-5.4568267,-1.9509454,4.847191923822254e-08,5.401899838616742e-05
18,HLA-DQA1,-5.452338,-1.7723441,4.9711844294523175e-08,5.408175213107983e-05
18,PTPRC,5.448018,0.6694194,5.0934155875726034e-08,5.412287093659707e-05
18,CD5,5.432002,1.4919207,5.57253276884819e-08,5.628114557805813e-05
18,INPP4B,5.429032,1.4797443,5.666052474373357e-08,5.628114557805813e-05
18,HLA-DPB1,-5.436611,-1.6190474,5.430350236600317e-08,5.628114557805813e-05
18,TMSB4XP8,5.387497,0.579019,7.144577021341526e-08,6.945744962960362e-05
18,PDCD4,5.380935,1.1981897,7.409995273102144e-08,7.053698000387149e-05
18,HLA-A,5.368376,0.5123063,7.944897214636935e-08,7.408535582269201e-05
18,NR4A1,-5.316359,-1.5274558,1.0586425954986756e-07,9.674299494705097e-05
19,IFI30,58.819298,15.473267,0.0,0.0
19,LYZ,58.36939,17.880384,0.0,0.0
19,RP11-1143G9.4,57.47989,18.058527,0.0,0.0
19,TYROBP,57.477684,15.772049,0.0,0.0
19,CST3,57.45243,15.451322,0.0,0.0
19,FCER1G,57.18665,16.015463,0.0,0.0
19,AIF1,56.37978,13.865622,0.0,0.0
19,FTL,56.33722,6.2165027,0.0,0.0
19,PSAP,55.591743,9.383202,0.0,0.0
19,GRN,54.909206,12.491708,0.0,0.0
19,SERPINA1,54.668182,16.70542,0.0,0.0
19,CD68,54.42368,13.188552,0.0,0.0
19,FTH1,53.728848,5.1177626,0.0,0.0
19,S100A11,53.62111,9.76597,0.0,0.0
19,CTSB,53.56493,11.142018,0.0,0.0
19,CLEC7A,53.479767,12.613263,0.0,0.0
19,NPC2,53.410744,11.811584,0.0,0.0
19,PLAUR,53.2601,13.9227,0.0,0.0
19,FCGR2A,52.822212,13.57267,0.0,0.0
19,TGFBI,52.475777,13.105061,0.0,0.0
19,HCK,51.657814,13.295363,0.0,0.0
19,ITGAX,51.480244,9.062353,0.0,0.0
19,GPX1,51.395443,9.88768,0.0,0.0
19,CYBB,50.61679,9.715441,0.0,0.0
19,CSF1R,50.47012,12.823254,0.0,0.0
19,HLA-DRA,50.197506,10.695785,0.0,0.0
19,GLUL,49.78182,11.147114,0.0,0.0
19,PLXDC2,49.575146,12.718736,0.0,0.0
19,FTLP3,49.544434,5.77752,0.0,0.0
19,IFNGR2,49.508,9.799852,0.0,0.0
19,LRP1,49.371128,11.12206,0.0,0.0
19,LILRB2,49.13715,11.587896,0.0,0.0
19,TIMP1,49.098476,11.886692,0.0,0.0
19,LILRB3,48.962048,9.518657,0.0,0.0
19,FCGRT,48.83454,10.864199,0.0,0.0
19,LST1,48.56048,11.608886,0.0,0.0
19,LILRA6,48.173843,11.927321,0.0,0.0
19,CD14,47.956795,16.101059,0.0,0.0
19,ALOX5,47.67186,9.279036,0.0,0.0
19,CTSS,47.438,9.252713,0.0,0.0
19,CTSH,47.34777,10.753878,0.0,0.0
19,RNF130,47.268448,10.064243,0.0,0.0
19,HLA-DRB1,47.210045,7.2488585,0.0,0.0
19,ANXA2,47.030018,8.795832,0.0,0.0
19,PILRA,46.938198,10.422268,0.0,0.0
19,MS4A6A,46.83888,11.164226,0.0,0.0
19,SOD2,46.79687,9.686496,0.0,0.0
19,FGL2,46.747334,9.3598385,0.0,0.0
19,BEST1,46.588657,4.828741,0.0,0.0
19,NCF2,46.37347,11.462813,0.0,0.0
20,TRAC,17.977264,4.8894963,2.9363075624041466e-72,1.3416576514137028e-67
20,TRAV4,14.380832,7.301186,6.826878616139228e-47,1.5596686886431682e-42
20,TRBC2,11.548976,3.3338137,7.470536692843865e-31,1.1378125418980729e-26
20,CD3G,10.329411,2.9454532,5.187840809351868e-25,5.926070556522639e-21
20,TRAV5,10.261681,6.5440187,1.0486524589807373e-24,9.583005631149569e-21
20,CD3D,9.998229,3.0755785,1.551461650862152e-23,1.1814897625198908e-19
20,CD2,9.592526,2.7613623,8.595415499449005e-22,5.610596071440342e-18
20,CD3E,9.238625,2.261728,2.4968584084698392e-20,1.4260806799975486e-16
20,TRAV2,9.108393,5.869074,8.361172544366823e-20,4.244874398857876e-16
20,SPOCK2,8.939884,2.2924633,3.8957678977917234e-19,1.7800542678589943e-15
20,B2M,8.478962,0.45826447,2.2721289791272253e-17,9.438010664934653e-14
20,TRAV3,8.433682,5.003937,3.349548778382596e-17,1.2753965231821464e-13
20,HLA-DPB1,-8.398826,-2.2466536,4.509653961302837e-17,1.5850392984603787e-13
20,FGD2,-8.017908,-3.8693347,1.0756145782813633e-15,3.5104986650594318e-12
20,HLA-DRA,-7.8504167,-2.533213,4.146569707664487e-15,1.2631004205507051e-11
20,CTLA4,7.646018,2.2048542,2.0729891354593514e-14,5.919938723588043e-11
20,IRF8,-7.6361217,-3.459054,2.238626096278816e-14,6.016900211245391e-11
20,HLA-DRB6,-7.5989933,-1.4215666,2.9844277854561446e-14,7.575804131836786e-11
20,IL32,7.5305037,2.4766192,5.054497403864328e-14,1.1636957999563294e-10
20,TMEM66,7.529496,1.2501444,5.093652280295585e-14,1.1636957999563294e-10
20,HLA-DRB1,-7.374384,-1.7833902,1.6510656113208874e-13,3.59240428154638e-10
20,TNFAIP3,7.3373685,1.7638931,2.17834630174515e-13,4.4282498939700164e-10
20,TIGIT,7.334287,2.165549,2.2290498897249056e-13,4.4282498939700164e-10
20,CD74,-7.291828,-1.1907772,3.0577664433892096e-13,5.82147768047249e-10
20,HLA-DPA1,-7.255087,-2.0073612,4.0140404220764374e-13,7.336381398620663e-10
20,LCK,7.193425,2.2052915,6.318570304228622e-13,1.110415824387747e-09
20,CIITA,-7.1681542,-3.1231952,7.601555620953427e-13,1.286408442342978e-09
20,ICOS,7.125664,2.059695,1.0357994167891108e-12,1.6902766768545731e-09
20,HLA-DRB5,-7.116609,-1.6825668,1.1061444417710985e-12,1.7428259252898288e-09
20,CD28,6.755074,1.6667634,1.4276215527776253e-11,2.1743627996505086e-08
20,CD6,6.747922,1.6224725,1.499774706076566e-11,2.2105711570984016e-08
20,CYBB,-6.7258043,-6.6394086,1.7462509902769564e-11,2.4934281327417092e-08
20,PBXIP1,6.72091,1.6068853,1.8059278346835316e-11,2.500498624919998e-08
20,HLA-A,6.6940827,0.52339536,2.1702834769062687e-11,2.9166056654941538e-08
20,CD5,6.631832,1.8120621,3.315455856353583e-11,4.3282802568145114e-08
20,HLA-DMB,-6.5783935,-2.9222925,4.7555895350949234e-11,6.035899917709924e-08
20,TRAV6,6.4871335,5.3656235,8.748482004128728e-11,1.0803665938720266e-07
20,IFI30,-6.4543414,-3.113946,1.0869046487302264e-10,1.3069170318363555e-07
20,HLA-DMA,-6.420767,-2.0118961,1.3558958869433806e-10,1.5885537145183834e-07
20,INPP4B,6.3791313,1.632524,1.7809526270264935e-10,2.0343821858523634e-07
20,ITK,6.3734727,1.608666,1.8479533349442794e-10,2.0594313117140003e-07
20,LEPROTL1,6.250788,1.6589582,4.0838629014837536e-10,4.442853897490373e-07
20,FYN,6.2364345,1.6484644,4.476568245551207e-10,4.7568222389703664e-07
20,STK17B,6.2158594,0.93559694,5.104443327311633e-10,5.220790093154683e-07
20,HLA-DQA1,-6.214717,-1.8528317,5.141721837344847e-10,5.220790093154683e-07
20,PRDM1,6.2031703,1.520051,5.533696308306195e-10,5.49664460258971e-07
20,FYB,6.1949296,1.3324194,5.831116414692263e-10,5.668837685534445e-07
20,ZAP70,6.066892,1.558655,1.3040904266663358e-09,1.2413854119841295e-06
20,GSTP1,-6.0573063,-1.9614149,1.384197120514231e-09,1.2907496904191068e-06
20,CD27,5.9608874,1.7314254,2.508720721226562e-09,2.272876699388731e-06
21,IGLV2-14,27.618023,14.651277,6.760741935361071e-168,3.0891182051051805e-163
21,IGLV2-8,20.42028,8.520427,1.1042969603318267e-92,2.522876835574091e-88
21,GAPDH,-10.851934,-1.9967631,1.952485339631388e-27,2.9737653379479127e-23
21,RP5-940J5.9,-10.451291,-2.0352237,1.4454348056772118e-25,1.651120178525079e-21
21,RPL13A,9.728924,0.71255463,2.269822007091795e-22,2.074254142960766e-18
21,MALAT1,8.206192,0.6454486,2.2831490509051815e-16,1.3040205804244944e-12
21,CTLA4,-8.213488,-4.8810487,2.1485565362237766e-16,1.3040205804244944e-12
21,RGS1,-8.22991,-3.6222746,1.8735400037191868e-16,1.3040205804244944e-12
21,CTSD,-8.186724,-3.534817,2.684324274228095e-16,1.3628016082003345e-12
21,HAVCR2,-8.101388,-4.4068394,5.433555504612309e-16,2.0689168176395468e-12
21,CALM3,-8.106504,-3.0564833,5.209675183608009e-16,2.0689168176395468e-12
21,FKBP1A,-8.121096,-3.2636783,4.619935077214638e-16,2.0689168176395468e-12
21,RPLP2,8.042487,1.0305407,8.803334713698773e-16,2.8731569267023164e-12
21,DUSP4,-8.047048,-3.1274555,8.481537339496367e-16,2.8731569267023164e-12
21,TPI1,-8.019293,-3.4920468,1.0635584911571652e-15,3.2397409718635462e-12
21,RPL3,7.9949107,0.8367486,1.2966756395711371e-15,3.702981457705275e-12
21,RBPJ,-7.965571,-3.3703156,1.6446285818941013e-15,4.42037465670031e-12
21,SRGN,-7.691308,-3.0008547,1.4563808338182176e-14,3.6969418366012224e-11
21,EEF1A1,7.66085,0.48079535,1.847063875461372e-14,4.21980212987905e-11
21,CTSB,-7.6623473,-3.5026069,1.8256544880947734e-14,4.21980212987905e-11
21,ACTB,-7.633468,-0.6381925,2.2852139168084005e-14,4.9721902041337824e-11
21,RPL13,7.4522667,0.67643034,9.175013427330691e-14,1.9055668796436088e-10
21,RPL23A,7.4250107,0.8729709,1.1277069982304996e-13,2.240312528832521e-10
21,RPS27,7.4027896,0.74107844,1.3335319304174749e-13,2.538822540193136e-10
21,SH3BGRL3,-7.3936243,-1.9964912,1.4287995602965173e-13,2.611388380362739e-10
21,RPL9,7.243639,0.7141521,4.3680389311469575e-13,7.187377331356899e-10
21,PGK1,-7.2425146,-2.8934863,4.4044157681430707e-13,7.187377331356899e-10
21,PGAM1,-7.247656,-3.0551076,4.24045744941233e-13,7.187377331356899e-10
21,FAM65B,7.1073728,2.4820473,1.1827260758965193e-12,1.86348689171944e-09
21,RPS18,7.070017,0.87106043,1.549146540586209e-12,2.3594534577488353e-09
21,PHLDA1,-7.0331917,-2.5825236,2.0186150412734304e-12,2.9753083376085673e-09
21,CLIC1,-6.921807,-2.9096284,4.459196355090269e-12,6.367174995524518e-09
21,LINC00152,-6.8750076,-2.6956205,6.198652166948427e-12,8.582691357945683e-09
21,RPL10,6.856172,0.4529274,7.073027838325025e-12,9.233736799678487e-09
21,SLA,-6.860246,-2.8163278,6.874206348226197e-12,9.233736799678487e-09
21,RPS3,6.8310385,0.5818726,8.430210232421897e-12,1.0699810164995037e-08
21,TNFRSF1B,-6.8151526,-2.568449,9.4163825405708e-12,1.1628468947128677e-08
21,GPI,-6.794485,-2.7347589,1.0870019978757054e-11,1.307034086498335e-08
21,S100A11,-6.7509327,-3.092556,1.4689781661430442e-11,1.721039753010461e-08
21,GAPDHP1,-6.721365,-1.3689847,1.8002990505583796e-11,2.0564816054528368e-08
21,SIRPG,-6.6618953,-3.2925935,2.7031877459277576e-11,2.940810821117407e-08
21,PKM,-6.663411,-2.1716797,2.675438062006388e-11,2.940810821117407e-08
21,SAMSN1,-6.6109843,-2.6120844,3.817732738557338e-11,4.056740564887486e-08
21,RPS3A,6.554022,0.5297566,5.600772294488047e-11,5.816147447266997e-08
21,RPL13AP5,6.5309415,0.83753663,6.535754013306525e-11,6.636259386133371e-08
21,ANXA5,-6.473474,-2.9457953,9.577494753331736e-11,9.51336717976595e-08
21,RPS6,6.44968,0.7169909,1.1208681451063588e-10,1.0896746231106329e-07
21,CBX6,-6.436289,-1.8902026,1.224300879681689e-10,1.1654324123836612e-07
21,NAMPT,-6.4326315,-2.5611033,1.2541351246116244e-10,1.1694682064031498e-07
21,BST2,-6.2251344,-2.9523742,4.81143642068066e-10,4.3968830586748147e-07
22,IGHV1OR15-3,23.078707,13.032674,7.576916811410699e-118,3.4620448294697764e-113
22,IGHV1-3,14.289785,9.26016,2.5338779095897705e-46,5.78889747224879e-42
22,GZMA,10.167521,4.90337,2.7686506979758197e-24,4.2168395897303716e-20
22,IGHV1-8,8.92123,4.28706,4.6113704992090365e-19,5.267568521246482e-15
22,CCL5,8.085133,3.4959147,6.2096765530105e-16,5.6746508212031145e-12
22,TMSB4X,8.033668,0.73314035,9.460115314969934e-16,7.204193149526771e-12
22,IL32,7.6814456,3.3106837,1.5730301196453486e-14,1.0267841746690751e-10
22,CD3G,7.6610246,2.8981397,1.8445588451448494e-14,1.0535197844044808e-10
22,GIMAP4,7.518221,3.1997743,5.552658109235933e-14,2.8190228258578697e-10
22,B2M,7.4660816,0.52307534,8.26179998884503e-14,3.7749816509030706e-10
22,CD3E,7.2927966,2.3639927,3.035863338481677e-13,1.2610424332900436e-09
22,CD3D,7.2515864,3.246654,4.119187050308287e-13,1.5684491225223854e-09
22,GZMH,7.199801,3.7265189,6.030048014193337e-13,2.1194227220347843e-09
22,GZMK,7.1848106,3.4195166,6.730041506756896e-13,2.1964932609052575e-09
22,NKG7,7.057946,3.720151,1.689813231245311e-12,4.980203737396226e-09
22,TMSB4XP8,7.053564,0.96585536,1.743921469805209e-12,4.980203737396226e-09
22,CORO1A,6.816369,2.0781527,9.337025178226022e-12,2.5095726731970785e-08
22,PTPRCAP,6.652102,2.15183,2.8893607026108145e-11,7.334481623538518e-08
22,PRF1,6.557343,2.9173741,5.4774915016953385e-11,1.3172502194498073e-07
22,HLA-C,6.528785,0.5568399,6.63053290944166e-11,1.5148115484910416e-07
22,LCK,6.4315877,2.8911767,1.2627792236337228e-10,2.7475670612510504e-07
22,APOBEC3G,6.286226,2.4307635,3.2527675007230307e-10,6.755702392865306e-07
22,RNF213,5.9560485,1.5485418,2.5840948146193964e-09,5.133585229112585e-06
22,TRBC2,5.9481525,2.6425064,2.711857413888193e-09,5.162924539807472e-06
22,PFN1,5.853574,1.024137,4.8112046035766255e-09,8.793342429864927e-06
22,CD2,5.6247025,2.2171893,1.8582805333901396e-08,3.2657136204485484e-05
22,RAC2,5.5115795,1.4668198,3.5562804478737605e-08,6.018280230527699e-05
22,LCP1,5.4399805,1.4828523,5.328636988542187e-08,8.695574331445343e-05
22,CXCR6,5.326831,2.6292946,9.994116342935522e-08,0.00015746591860048615
22,CST7,5.313898,2.580346,1.0730475497400675e-07,0.00016343229547574386
22,SH3BGRL3,5.2730618,1.133838,1.3416647593538056e-07,0.00019295199966560655
22,MYL12A,5.2717457,1.5230967,1.3513227675084062e-07,0.00019295199966560655
22,HLA-A,5.176058,0.55992466,2.2662305375564268e-07,0.00031378365370311593
22,IFNG,5.0578113,2.478921,4.240960260646268e-07,0.0005699351653807331
22,TBC1D10C,5.002138,1.9859883,5.669794209962159e-07,0.0007401835344045456
22,SAMD3,4.952083,2.1395671,7.342321870197813e-07,0.000931903808036329
22,CCL4,4.9427443,2.5452185,7.703053434714838e-07,0.0009512646419972713
22,APOBEC3C,4.8749666,1.4889376,1.088268999234645e-06,0.0013085575556060368
22,CD8A,4.8537836,2.3751793,1.211279589484139e-06,0.0014191227436592124
22,IL2RB,4.808999,1.8718007,1.5168778146965766e-06,0.0017327295277278995
22,ZAP70,4.8039556,1.8922207,1.555612875304477e-06,0.0017336356950832235
22,CTSW,4.7828526,2.255248,1.7282467773376443e-06,0.0018801678988121819
22,LINC00152,4.7775087,1.7832166,1.7748043938604096e-06,0.0018859154038202287
22,RGS1,4.730099,2.0733917,2.2441035938793244e-06,0.0023303995775348658
22,GIMAP7,4.7206197,2.0204117,2.3512711529819354e-06,0.002387428478267791
22,REL,-4.706852,-1.4269032,2.515716515858944e-06,0.002498872153100584
22,ACAP1,4.6751475,1.9869165,2.937425318239014e-06,0.002819120210274263
22,AP1G2,4.6734705,1.9141589,2.9615199617693387e-06,0.002819120210274263
22,RP11-94L15.2,4.6000147,1.434676,4.22460832078859e-06,0.003939404150887189
22,RARRES3,4.5908628,1.9752718,4.414171748941303e-06,0.0040338467110525205
23,IGHV4-4,22.567234,10.973872,9.095950997111097e-113,4.1561219296000024e-108
23,IGHV4OR15-8,19.89861,12.42076,4.1837399913067564e-88,9.558172384139417e-84
23,IGHV4-61,16.885532,9.63189,5.749566414174617e-64,8.756972953215554e-60
23,IGHV4-55,16.265593,10.774576,1.7318431980438901e-59,1.9782844851255357e-55
23,IGHV4-59,15.030374,7.282608,4.643774427980779e-51,4.2436668232659552e-47
23,IGHV4-39,13.780532,8.985534,3.3380254327509063e-43,2.54201763455424e-39
23,CD79A,13.243237,5.9521933,4.937461203947037e-40,3.2228925332964e-36
23,IGHM,13.054787,7.3139267,5.96772392276562e-39,3.408465518487584e-35
23,IGHV4-28,12.856504,9.827186,7.90719808643459e-38,4.014396610726326e-34
23,IGHV4-34,12.438949,7.086943,1.606045709142962e-35,7.338344054216022e-32
23,SRGN,-12.0489855,-4.8409796,1.963521208454053e-33,8.156110096062053e-30
23,IGHV4-31,11.612293,8.650335,3.5691139094126093e-31,1.3589996062406746e-27
23,CTA-250D10.23,11.018531,3.7263525,3.110965369597928e-28,1.0934325359051425e-24
23,CD79B,10.859893,4.9813633,1.7895926066047587e-27,5.840718955784617e-24
23,GAPDH,-10.682095,-2.6859822,1.2345363438515825e-26,3.760562308217767e-23
23,CCL5,-10.516845,-5.6367197,7.225266965246994e-26,2.0633556136004106e-22
23,ID2,-10.489891,-4.6154103,9.613870347803744e-26,2.5839821407755805e-22
23,B2M,-10.435313,-0.8682062,1.7104800993374455e-25,4.34195870549592e-22
23,CD19,10.411902,5.278143,2.188042065237048e-25,5.26189568656901e-22
23,MS4A1,10.333541,5.7450604,4.96916646812456e-25,1.135255771307737e-21
23,NCF1C,10.146707,3.7310693,3.4273358180401365e-24,7.457229914185233e-21
23,CST7,-10.060472,-4.670219,8.26021294114749e-24,1.7155711350314142e-20
23,BANK1,9.920602,4.8536687,3.3870715816940784e-23,6.728785856989818e-20
23,FYB,-9.908464,-3.7221315,3.824787324398625e-23,7.281757601100916e-20
23,NKG7,-9.846733,-5.4736667,7.080789739204272e-23,1.2941417790548865e-19
23,PRKCH,-9.8319235,-3.696332,8.203648081765321e-23,1.4416964928923888e-19
23,TRBC2,-9.761144,-4.0358405,1.6528018415308346e-22,2.7970304349343297e-19
23,SH3BGRL3,-9.642685,-2.6358085,5.278898098626591e-22,8.317359031808488e-19
23,TNFAIP3,-9.645034,-3.9184713,5.159417351539278e-22,8.317359031808488e-19
23,HLA-A,-9.61992,-1.6837018,6.588235309225663e-22,1.0034321591637967e-18
23,CD3G,-9.574553,-4.0778885,1.02299465898734e-21,1.5078281276919207e-18
23,FYN,-9.565609,-3.65902,1.1154242372316348e-21,1.5926863827371207e-18
23,POU2AF1,9.345967,3.8531275,9.105294027825184e-21,1.260724529452692e-17
23,BLNK,9.307293,4.3837414,1.3113129833826347e-20,1.7622503775505687e-17
23,RP5-940J5.9,-9.276313,-2.3108046,1.7544490169007708e-20,2.290408128006572e-17
23,CD22,9.21547,4.9002485,3.099162055310805e-20,3.933525350868369e-17
23,ADAM19,9.201848,3.0862153,3.5184662352477594e-20,4.238761720468135e-17
23,KLRK1,-9.201643,-4.424302,3.525189209878953e-20,4.238761720468135e-17
23,NCF1B,9.080262,3.5288012,1.0831339019564275e-19,1.2689885704664894e-16
23,HLA-C,-9.026374,-0.8973463,1.7745373594533517e-19,2.0270540257035637e-16
23,BCL11A,8.862249,4.199773,7.841616963047893e-19,8.739003957941081e-16
23,NCF1,8.790208,3.6204767,1.4928371307152195e-18,1.6240646232533288e-15
23,STAT4,-8.784758,-3.5221105,1.5670239746787899e-18,1.6651269639772853e-15
23,ANXA1,-8.698683,-4.2126784,3.357576702007973e-18,3.4866907879124616e-15
23,FCRL1,8.667392,4.609209,4.421312304373133e-18,4.489302262475938e-15
23,IGHD,8.623385,4.721212,6.500332064767273e-18,6.4568081022466566e-15
23,LCP2,-8.600074,-2.8578339,7.96649159494918e-18,7.744785828859956e-15
23,ADAM28,8.538585,3.8587813,1.3587542802195957e-17,1.2934208452457035e-14
23,ST6GAL1,8.500371,3.0117576,1.8898651067863156e-17,1.7622799277404148e-14
23,HLA-B,-8.481751,-0.85927904,2.218296612758127e-17,2.0271681766028868e-14
24,CD79A,23.018955,9.891109,3.0111464156321137e-117,1.3758530202306254e-112
24,B2M,-22.092525,-2.1066241,3.729525303022215e-108,8.520473507284553e-104
24,FYB,-20.05747,-8.384676,1.7369963517080607e-89,2.645561243408157e-85
24,TRBC2,-19.923124,-8.859829,2.5647359045670534e-88,2.9296978237869454e-84
24,SRGN,-19.404362,-7.0454297,7.0892153094950755e-84,6.47840851842898e-80
24,IL32,-19.382961,-10.881059,1.0748153787199512e-83,8.185077380745335e-80
24,IGHG1,19.11485,11.230459,1.8996879018683333e-81,1.2400077087452554e-77
24,HLA-A,-19.033478,-2.7997322,9.007178116236157e-81,5.144449781088281e-77
24,TRAC,-19.001787,-9.633855,1.6483673403331632e-80,8.368577834944765e-77
24,IGHG3,18.762318,9.560261,1.53555573288026e-78,7.016261254676484e-75
24,CD3G,-18.567154,-9.30278,5.926109862345629e-77,2.4615982893663318e-73
24,CD3E,-18.439423,-8.136853,6.34153703848103e-76,2.414645919685627e-72
24,GAPDH,-18.291784,-4.421734,9.621510049313638e-75,3.381738747486452e-71
24,CD2,-17.73899,-9.191691,2.0966362437217876e-70,6.842821660581136e-67
24,HLA-C,-17.671467,-1.6643595,6.956387868207567e-70,2.1190084964942677e-66
24,IGHG2,17.630102,9.130339,1.4470389439799885e-69,4.132381464270852e-66
24,IGHGP,17.479673,7.8508477,2.0466822560326886e-68,5.5010003319203295e-65
24,SH3BGRL3,-17.289677,-4.468748,5.626659183969377e-67,1.35312269175752e-63
24,PFN1,-17.291136,-3.955534,5.48610669712968e-67,1.35312269175752e-63
24,MS4A1,17.276697,9.314952,7.046900329704853e-67,1.6099348493243706e-63
24,IGHG4,17.255812,7.792884,1.0119066232151845e-66,2.201716067997534e-63
24,RP5-940J5.9,-17.178162,-4.104638,3.8698695149869613e-66,8.037367176308374e-63
24,HLA-B,-17.17348,-1.6683909,4.195111782269998e-66,8.334045545890467e-63
24,CD3D,-17.167658,-9.771008,4.637589990293625e-66,8.829198409854013e-63
24,CTA-250D10.23,17.080341,5.2108665,2.0790193491156012e-65,3.799782083991602e-62
24,TNFAIP3,-16.701077,-6.7836976,1.287198913124502e-62,2.262103566864798e-59
24,CCL5,-16.615387,-9.263588,5.392503553131516e-62,9.125713790729085e-59
24,LCP2,-16.51641,-6.4948463,2.7954593285442454e-61,4.561790272851559e-58
24,FYN,-16.402834,-6.989623,1.8252385603698092e-60,2.8758207000143903e-57
24,CD19,16.384449,7.7414126,2.4700034586728946e-60,3.761979934456063e-57
24,PRKCH,-16.350891,-7.521201,4.2867134088801605e-60,6.318339002533945e-57
24,FGD2,16.328287,5.04941,6.210292523695644e-60,8.867521437271918e-57
24,IGHM,16.28058,9.109988,1.355749542490491e-59,1.8771790331962278e-56
24,CD79B,16.178047,7.1341577,7.204368947204184e-59,9.681824292225104e-56
24,TMSB4X,-15.948446,-2.615663,2.9207390786006674e-57,3.8129831422691914e-54
24,CST7,-15.373347,-8.484076,2.470675337946697e-53,3.1358360428183466e-50
24,BANK1,15.224295,6.944519,2.439763991408347e-52,3.0129107106873025e-49
24,ADAM28,15.205815,6.024229,3.2357717461779307e-52,3.89076006911479e-49
24,IFITM2,-15.058949,-4.9262695,3.0153946692786467e-51,3.5328054674020496e-48
24,MYL6,-15.010301,-3.7340283,6.286235838998823e-51,7.180767198888355e-48
24,IGLC3,14.938942,9.385001,1.8387185491007332e-50,2.0491397059880657e-47
24,BCL11A,14.805948,6.588604,1.3408276137045905e-49,1.4247696587300036e-46
24,ID2,-14.806313,-7.1861506,1.333577242573767e-49,1.4247696587300036e-46
24,S100A4,-14.605468,-7.3823514,2.591967663735759e-48,2.691640602077598e-45
24,IFITM1,-14.498974,-5.973634,1.2297485696038508e-47,1.248659369829759e-44
24,FCRL5,14.439294,6.40401,2.928286055279676e-47,2.908679270387803e-44
24,CFL1,-14.4149,-3.275147,4.1704493341589773e-47,4.0543866165189784e-44
24,POU2AF1,14.388092,5.0036736,6.14681644113767e-47,5.851257017259634e-44
24,IGKC,14.364158,8.299516,8.685676698911924e-47,8.099304892381298e-44
24,ACTB,-14.241779,-2.9348788,5.042621704953129e-46,4.6081494188543676e-43
25,IGKC,28.047405,16.78548,4.296463545703351e-173,1.963140123302775e-168
25,AC096579.7,26.678387,10.633207,8.386783452777212e-157,1.916044547621482e-152
25,CD79A,26.056835,10.49002,1.1255817501495966e-149,1.714336044261179e-145
25,B2M,-23.211046,-1.8200077,3.5220059117323033e-119,4.0231873529718103e-115
25,FYB,-22.393826,-8.58192,4.520716117366786e-111,4.131211216694463e-107
25,SRGN,-22.010048,-7.5995097,2.307474160902269e-107,1.757218489332441e-103
25,MS4A1,21.14004,10.207056,3.4079213062600745e-99,2.224496290366219e-95
25,IL32,-21.083721,-10.7774935,1.1220641203849301e-98,6.408669223578528e-95
25,CTA-250D10.23,20.667461,5.566196,6.800106037733444e-95,3.452338278623517e-91
25,CD3E,-20.408665,-8.174297,1.4006144700868246e-92,6.399687636720719e-89
25,CD3G,-20.386274,-9.040662,2.213771995883696e-92,9.195606366901621e-89
25,IGHM,20.342804,10.424737,5.376730241670503e-92,2.0472796516867384e-88
25,TRBC2,-20.175104,-7.6103597,1.6202167599864208e-90,5.694688015176888e-87
25,CD19,20.05363,8.6371,1.8763675846896127e-89,6.1239276914026985e-86
25,TRAC,-20.035013,-9.120188,2.7276654223532378e-89,8.308832565210943e-86
25,HLA-A,-19.810863,-2.5948017,2.3993565152505835e-87,6.851962368426854e-84
25,BCL11A,19.356201,7.7633314,1.8072972647085322e-83,4.857589801121309e-80
25,CD2,-19.107801,-8.8324,2.17436893202792e-81,5.519514735678874e-78
25,SH3BGRL3,-18.878302,-4.4427752,1.720310831420005e-79,4.1370759215390985e-76
25,CD22,18.871384,8.359135,1.9609773457454533e-79,4.4800488440900625e-76
25,GAPDH,-18.756714,-4.3304286,1.7062972198235517e-78,3.712577741341796e-75
25,CD3D,-18.620216,-9.214581,2.2032312666907677e-77,4.5759110471652076e-74
25,CD79B,18.595673,7.782889,3.483104918404543e-77,6.91956651877132e-74
25,TNFAIP3,-18.58882,-6.8708806,3.95798535714108e-77,7.535344455770426e-74
25,LCP2,-18.406504,-6.613142,1.1650680441237003e-75,2.1293715628840047e-72
25,HLA-B,-18.329437,-1.5624391,4.81872442321179e-75,8.468352167130505e-72
25,HLA-C,-18.242657,-1.5569905,2.3667370292810806e-74,4.005220308959672e-71
25,IGKV1D-39,18.239206,13.177041,2.520953700844492e-74,4.113836303535233e-71
25,CCL5,-18.157293,-9.398791,1.124324714416712e-73,1.7714705121078757e-70
25,FYN,-17.84215,-6.89666,3.326518963187434e-71,5.066510148865341e-68
25,ADAM28,17.836166,6.5863037,3.7023767963409074e-71,5.457064534787379e-68
25,BANK1,17.622725,7.259089,1.6487197531559802e-69,2.3541657175375954e-66
25,PRKCH,-17.614916,-7.3525534,1.8926955770807988e-69,2.6206377669083596e-66
25,NCF1C,17.563276,5.62272,4.707794397292862e-69,6.326721811797219e-66
25,NCF1,17.542196,6.117367,6.823952384061799e-69,8.90857235235862e-66
25,HLA-DRA,17.439772,6.812962,4.117217052106733e-68,5.225663376246135e-65
25,RP5-940J5.9,-17.272984,-3.934835,7.515352070620488e-67,9.280850454345713e-64
25,MEF2C,17.127588,6.0358243,9.240593872152719e-66,1.1111084610694792e-62
25,FGD2,17.028873,5.0075173,5.016108892961323e-65,5.876821731722789e-62
25,FCRL1,16.84457,7.5448194,1.1500042000191201e-63,1.3136497976818408e-60
25,PAX5,16.737467,7.0136,6.989961553477972e-63,7.789885934183304e-60
25,ID2,-16.676596,-7.673056,1.9396134064348133e-62,2.1101146611147496e-59
25,CST7,-16.634773,-8.367705,3.902319790594606e-62,4.1466231598104365e-59
25,CD74,16.57521,3.4893122,1.0529357614253726e-61,1.093425927523821e-58
25,IGHD,16.459387,7.655214,7.182463418387168e-61,7.292913744732143e-58
25,HLA-DQA1,16.357662,5.766777,3.8357091688779234e-60,3.810026594442828e-57
25,S100A4,-16.33858,-7.4616556,5.246092949772176e-60,5.100095299170005e-57
25,PFN1,-15.875566,-2.5742607,9.35644297468966e-57,8.906554008323332e-54
25,TCF4,15.717833,5.080447,1.1416353636657954e-55,1.0645633272779087e-52
25,ZAP70,-15.677714,-6.7451096,2.148474301730332e-55,1.963361755893247e-52
26,CD79A,30.438051,11.3940115,1.7241745709144645e-203,7.8780984494223715e-199
26,IGHM,29.147533,13.466821,8.977523119303175e-187,2.0510049318360036e-182
26,CTA-250D10.23,27.937683,6.8335953,9.30453447118134e-172,1.4171426301907259e-167
26,BCL11A,27.724619,9.680421,3.5261683201163584e-169,4.0279420720689166e-165
26,MS4A1,27.08192,11.7024355,1.6079726571259479e-161,1.4694297329879762e-157
26,CD74,26.987411,4.6929517,2.0769773828284527e-160,1.5816875096032943e-156
26,HLA-DRA,26.164288,9.391963,6.778519534325106e-151,4.159113305057776e-147
26,FYB,-26.161552,-9.549567,7.281998258001883e-151,4.159113305057776e-147
26,CD22,25.649914,10.1687155,4.237423701482889e-145,2.1512929307572908e-141
26,BANK1,25.579876,9.412733,2.555155459719473e-144,1.1675016326550216e-140
26,SRGN,-25.028088,-8.344879,3.024528796914195e-138,1.2563342708054854e-134
26,IL32,-24.761034,-11.788995,2.3582458839521085e-135,8.979414244128312e-132
26,CD3G,-24.641203,-10.646713,4.572639617678752e-134,1.6071773031613657e-130
26,IRF8,24.248383,8.582662,6.877175399192091e-130,2.244513559570607e-126
26,CD19,23.92376,9.656515,1.733612072446072e-126,5.2808135209470615e-123
26,CD3E,-23.54961,-8.947007,1.266937527705991e-122,3.6180568447463835e-119
26,TRBC2,-23.20639,-7.3049054,3.9246573894055004e-119,1.0548555613924478e-115
26,CD37,22.897125,4.6733127,4.96293484602096e-116,1.259813438802165e-112
26,CD2,-22.745398,-10.259449,1.5937441351137522e-114,3.832703001137767e-111
26,B2M,-22.703907,-1.2775941,4.099059908247708e-114,9.364712266382713e-111
26,CD79B,22.573786,8.70093,7.843307521921045e-113,1.7065543204362686e-109
26,PAX5,22.53671,8.028786,1.8129390231127993e-112,3.7653095383668195e-109
26,ADAM28,22.271547,7.740847,6.974996977566885e-110,1.3856589647782004e-106
26,FCRL1,21.975014,8.5976715,4.993902097540707e-107,9.50755727670125e-104
26,CCL5,-21.885178,-10.516248,3.5961194091260114e-106,6.572555521671429e-103
26,NCF1C,21.86068,6.7593803,6.152140142085897e-106,1.0811676437391878e-102
26,IGHD,21.839056,8.98983,9.877597243152921e-106,1.6715821230894197e-102
26,GAPDH,-21.834547,-4.841176,1.0901614578967933e-105,1.7789877619364384e-102
26,HLA-DPA1,21.795807,6.2453413,2.542690696081468e-105,3.984705419405703e-102
26,FGD2,21.794502,6.1763997,2.616238347679486e-105,3.984705419405703e-102
26,CD3D,-21.626768,-9.953314,1.0059016673062107e-103,1.4826341607275928e-100
26,LCP2,-21.413256,-7.1791935,1.0053807244212487e-101,1.4355580018829906e-98
26,TRAC,-21.37414,-8.147641,2.325684584566646e-101,3.220156970849066e-98
26,RP5-940J5.9,-21.302565,-4.5826755,1.074719199056731e-100,1.4442961659794162e-97
26,HLA-DQA1,21.201796,6.796362,9.19231619902097e-100,1.2000437479019032e-96
26,CD83,20.98741,7.0917478,8.547949044872536e-98,1.0849246882175441e-94
26,PRKCH,-20.891203,-8.219954,6.437660192401426e-97,7.949988365167728e-94
26,TNFAIP3,-20.754427,-7.0469007,1.1180635920399143e-95,1.344383201249678e-92
26,KIAA0226L,20.64312,7.5143805,1.1255713445853632e-94,1.3187078429947286e-91
26,HLA-A,-20.428715,-2.0703726,9.29169784962169e-93,1.0613906453622856e-89
26,FYN,-20.414127,-7.1405444,1.2525012813079786e-92,1.3958363059883942e-89
26,IGKC,20.373972,10.303577,2.8462512993922248e-92,3.0964503421864176e-89
26,HLA-DQB1,20.346792,6.2942786,4.9566800370691326e-92,5.266991261715414e-89
26,LINC00926,20.28762,7.476522,1.6541039049019423e-91,1.7177117186995353e-88
26,NCF1,20.282917,6.7249846,1.8201052431797596e-91,1.848094417141546e-88
26,NAPSB,20.056524,8.193859,1.7703347889013287e-89,1.7584812429234675e-86
26,CST7,-19.97209,-10.002162,9.633817489440684e-89,9.365710398457952e-86
26,SH3BGRL3,-19.66998,-4.3177757,3.899423115782054e-86,3.7119258542982e-83
26,ID2,-19.4329,-8.133946,4.067185209327631e-84,3.792608705808125e-81
26,FCER2,19.278694,8.383124,8.109782020715457e-83,7.411043201810614e-80
27,IGKC,26.534636,14.526007,3.863569979940791e-155,1.7653423952345464e-150
27,CD79A,26.449959,9.895139,3.652759387824334e-154,8.345094097423474e-150
27,AC096579.7,25.16818,9.259452,8.93798921278514e-140,1.3613153437019288e-135
27,FYB,-23.96132,-8.516187,7.0420243912911255e-127,8.044104462171853e-123
27,IL32,-22.940771,-10.939195,1.8217480545169794e-116,1.6647862421397963e-112
27,CTA-250D10.23,22.928658,5.960377,2.4064251277503195e-116,1.8325729489527932e-112
27,SRGN,-22.7602,-7.4110007,1.1372646026626208e-114,7.423413460694352e-111
27,TRBC2,-22.551287,-7.852163,1.3043940426857114e-112,7.450046574799441e-109
27,CD3G,-22.510702,-9.429081,3.260718997089875e-112,1.6554308046114508e-108
27,MS4A1,22.355959,10.1655035,1.0565702004201435e-110,4.82768055975972e-107
27,CD3E,-21.998795,-8.180593,2.9572915844003745e-107,1.2284051552220173e-103
27,B2M,-21.854229,-1.5462455,7.085809459033607e-106,2.698040048351363e-102
27,CD19,21.411278,8.825287,1.0489804381799369e-101,3.686924167793667e-98
27,TRAC,-21.37767,-8.838864,2.156288695097818e-101,7.037510218314964e-98
27,BANK1,21.36923,8.300625,2.5836001464137963e-101,7.869990525995945e-98
27,CD2,-20.745174,-9.144004,1.3553405374630246e-95,3.870513739860033e-92
27,BCL11A,20.35064,7.237648,4.582635144346721e-92,1.2317045000911198e-88
27,TNFAIP3,-20.325665,-7.3044634,7.62497982366341e-92,1.9355587672379362e-88
27,CCL5,-20.318682,-10.042718,8.790588251738312e-92,2.1139976757811945e-88
27,LCP2,-20.28879,-6.964198,1.61521450635935e-91,3.690119061228571e-88
27,SH3BGRL3,-19.773985,-4.224048,4.98762582107204e-87,1.0852123762686841e-83
27,GAPDH,-19.646385,-3.729617,6.2079960481463566e-86,1.2893443428722879e-82
27,PFN1,-19.622591,-3.707522,9.916874831192926e-86,1.970094977334205e-82
27,CD3D,-19.553476,-9.203789,3.853511405358636e-85,7.33644346390195e-82
27,IGHA1,19.510984,10.191262,8.8559228215471e-85,1.6185793022485204e-81
27,PRKCH,-19.445688,-7.514174,3.1699769799707997e-84,5.570868775724069e-81
27,IRF8,19.230982,7.1069727,2.0373704897244103e-82,3.447834533943991e-79
27,FYN,-19.198336,-6.8538356,3.8214652041371364e-82,6.236085289551215e-79
27,CD79B,19.15687,7.3372264,8.482422220683823e-82,1.3364787451982248e-78
27,FGD2,18.974611,5.447199,2.76547197069311e-80,4.211998176163652e-77
27,TCF4,18.888851,5.6669827,1.4087904390015052e-79,2.0764662173824767e-76
27,CD74,18.832666,3.6126199,4.0770540466337253e-79,5.821523546837131e-76
27,HLA-A,-18.738277,-2.470175,2.413098085397499e-78,3.3411902338782584e-75
27,HLA-DRA,18.630447,6.818251,1.8199655290956386e-77,2.4458195575128797e-74
27,ADAM28,18.475786,6.523461,3.234850253017578e-76,4.223050793167976e-73
27,RP5-940J5.9,-18.36725,-3.3519402,2.4028287005423213e-75,3.0497235829216595e-72
27,CST7,-18.277363,-8.886599,1.2534337457669847e-74,1.5478890462590558e-71
27,ID2,-18.272718,-7.8875637,1.364817689125601e-74,1.6410855224086042e-71
27,NCF1C,17.56802,5.3506827,4.3301970511971315e-69,5.073214452905112e-66
27,S100A4,-17.541765,-7.4250145,6.875848925408602e-69,7.854282227494246e-66
27,ZAP70,-17.457626,-7.530814,3.011967259971151e-68,3.356653854697606e-65
27,IFITM1,-17.29357,-6.2005825,5.259289813516234e-67,5.721606432361518e-64
27,IFITM2,-17.168627,-4.8258243,4.560774728180828e-66,4.8463004390706603e-63
27,POU2AF1,17.028343,5.638624,5.061766895813288e-65,5.2564148409886545e-62
27,CD22,16.968218,7.058038,1.4115022423842513e-64,1.4332080102004712e-61
27,HLA-B,-16.920906,-1.4037234,3.155353129807974e-64,3.1342259827649115e-61
27,TMSB10,-16.90724,-2.5111358,3.979151115722754e-64,3.8684121868000866e-61
27,HLA-C,-16.849657,-1.3722322,1.0552586107096988e-63,1.0045182591780741e-60
27,NCF1,16.812029,5.3906684,1.992324567850584e-63,1.8578223296781406e-60
27,LCK,-16.80999,-6.694851,2.0620623207697872e-63,1.8843950312122625e-60
